q,int
0.0019196879,0
0.0057590637,0
0.0095984399,0
0.013437815,0
0.017277192,0
0.021116567,0
0.024955943,0
0.02879532,0
0.032634693,0
0.03647407,0
0.040313447,0
0.044152823,0
0.047992197,0
0.051831573,0
0.055670947,0
0.059510326,0
0.0633497,0
0.06718908,0
0.071028453,0
0.074867827,0
0.078707206,0
0.08254658,0
0.086385953,0
0.090225333,0
0.094064707,0
0.097904086,0
0.10174346,0
0.10558283,0
0.10942221,0
0.11326159,0
0.11710097,0
0.12094034,0
0.12477971,0
0.12861909,0
0.13245846,0
0.13629785,0
0.14013722,0
0.14397659,0
0.14781597,0
0.15165534,0
0.15549473,0
0.1593341,0
0.16317347,0
0.16701285,0
0.17085222,0
0.17469161,0
0.17853098,0
0.18237035,0
0.18620973,0
0.1900491,0
0.19388847,0
0.19772786,0
0.20156722,0
0.20540662,0
0.20924599,0
0.21308537,0
0.21692474,0
0.22076411,0
0.22460349,0
0.22844286,0
0.23228223,0
0.23612161,0
0.23996098,0
0.24380035,0
0.24763975,0
0.25147913,0
0.2553185,0
0.25915787,0
0.26299725,0
0.26683662,0
0.27067599,0
0.27451537,0
0.27835474,0
0.28219411,0
0.28603349,0
0.28987288,0
0.29371226,0
0.29755163,0
0.30139101,0
0.30523038,0
0.30906975,0
0.31290913,0
0.3167485,0
0.32058787,0
0.32442725,0
0.32826664,0
0.33210602,0
0.33594539,0
0.33978477,0
0.34362414,0
0.34746351,0
0.35130289,0
0.35514226,0
0.35898163,0
0.36282101,0
0.36666038,0
0.37049978,0
0.37433915,0
0.37817852,0
0.3820179,0
0.38585727,0
0.38969665,0
0.39353602,0
0.39737539,0
0.40121479,0
0.40505414,0
0.40889354,0
0.41273289,0
0.41657228,0
0.42041163,0
0.42425103,0
0.42809038,114.1257186
0.43192978,111.30640328
0.43576918,99.3611288
0.43960853,88.2290598
0.44344792,81.722046
0.44728727,86.73497
0.45112667,82.5351936
0.45496602,87.9263996
0.45880542,88.2845208
0.46264477,95.1527038
0.46648417,117.1305086
0.47032351,127.394442
0.47416291,150.522826
0.47800231,150.141924
0.48184166,181.381432
0.48568106,193.285226
0.48952041,225.738078
0.4933598,230.261378
0.49719915,238.973508
0.50103855,258.640816
0.5048779,240.881668
0.5087173,292.737132
0.5125567,283.752326
0.51639605,305.291018
0.52023544,318.554912
0.52407479,314.287902
0.52791419,347.656878
0.53175354,350.1915
0.53559294,379.91231
0.53943229,373.926062
0.54327168,384.596644
0.54711103,406.990914
0.55095043,414.601282
0.55478983,444.387758
0.55862918,460.766822
0.56246858,471.852752
0.56630793,488.910728
0.57014732,502.009438
0.57398667,505.077196
0.57782607,508.548112
0.58166542,508.703332
0.58550482,503.114486
0.58934417,509.5565
0.59318357,507.470598
0.59702296,507.58265
0.60086231,509.122766
0.60470171,506.690418
0.60854106,505.48968
0.61238046,500.9274
0.61621981,493.581298
0.6200592,501.132728
0.62389855,504.659766
0.62773795,501.618498
0.6315773,499.6948
0.6354167,491.607452
0.6392561,491.86555
0.64309545,497.953166
0.64693484,504.251598
0.65077419,512.066434
0.65461359,518.17547
0.65845294,519.34968
0.66229234,522.378484
0.66613169,520.620782
0.66997108,524.739452
0.67381043,525.971912
0.67764983,528.442578
0.68148923,529.775942
0.68532858,530.100764
0.68916798,537.455432
0.69300733,537.703258
0.69684672,538.942402
0.70068607,538.197836
0.70452547,537.464532
0.70836482,543.950766
0.71220422,549.657128
0.71604357,554.915858
0.71988297,549.777002
0.72372236,548.580996
0.72756171,547.19901
0.73140111,548.97346
0.73524046,555.665074
0.73907986,553.760374
0.74291921,556.353748
0.7467586,559.6459
0.75059795,561.171974
0.75443735,565.855214
0.75827675,561.991078
0.7621161,566.031972
0.7659555,564.632654
0.76979485,569.59237
0.77363424,572.399022
0.77747359,576.179626
0.78131299,577.289392
0.78515234,578.093432
0.78899174,575.05044
0.79283109,568.074926
0.79667048,573.674926
0.80050983,574.78894
0.80434923,583.987588
0.80818863,587.529762
0.81202803,594.301696
0.81586733,595.98219
0.81970673,591.297814
0.82354612,598.024818
0.82738552,590.653016
0.83122482,596.08274
0.83506422,599.67179
0.83890362,592.451014
0.84274302,597.788672
0.84658241,603.63209
0.85042171,615.399804
0.85426111,624.408948
0.85810051,629.16659
0.86193991,633.12494
0.86577921,628.180908
0.86961861,630.759056
0.873458,626.038354
0.8772974,628.764868
0.8811368,635.45144
0.8849761,634.507654
0.8888155,637.611708
0.8926549,631.40215
0.89649429,626.382872
0.9003336,624.474474
0.90417299,624.371314
0.90801239,627.404358
0.91185179,632.670506
0.91569109,636.290686
0.91953049,632.895654
0.92336988,632.889794
0.92720928,635.702344
0.93104868,639.478664
0.93488798,638.828088
0.93872738,643.37699
0.94256678,640.445314
0.94640617,637.802382
0.95024548,640.390384
0.95408487,641.64064
0.95792427,645.171646
0.96176367,649.120654
0.96560307,652.405776
0.96944237,646.117614
0.97328176,642.797938
0.97712116,644.941786
0.98096056,646.072316
0.98479986,648.854956
0.98863926,651.086632
0.99247866,651.463478
0.99631805,651.7865
1.0001574,657.694398
1.0039968,662.83832
1.0078362,663.051442
1.0116755,659.946862
1.0155149,657.994972
1.0193542,658.465062
1.0231936,658.931154
1.027033,664.04209
1.0308724,667.41256
1.0347117,666.510256
1.0385511,667.263194
1.0423905,667.782044
1.0462299,668.733556
1.0500693,666.417922
1.0539086,671.38628
1.057748,676.55519
1.0615874,673.7053
1.0654268,676.53767
1.0692661,674.62113
1.0731055,673.326064
1.0769449,678.141784
1.0807843,681.38667
1.0846236,682.766382
1.088463,680.61587
1.0923024,681.70636
1.0961418,676.659568
1.0999812,674.439308
1.1038205,676.583118
1.1076599,678.024388
1.1114993,684.95597
1.1153387,687.61842
1.119178,689.035768
1.1230174,690.86775
1.1268568,691.165624
1.1306962,693.245594
1.1345356,694.114342
1.1383749,699.52949
1.1422143,701.159352
1.1460537,705.902418
1.1498931,706.327698
1.1537324,704.686038
1.1575718,712.340516
1.1614112,711.88678
1.1652506,713.96404
1.16909,712.00996
1.1729293,709.371414
1.1767687,709.48822
1.1806081,710.657702
1.1844475,717.072666
1.1882868,710.880506
1.1921262,711.759022
1.1959656,711.873414
1.199805,711.105286
1.2036443,713.699132
1.2074837,712.544092
1.2113231,710.428404
1.2151625,707.822032
1.2190019,712.785022
1.2228412,715.09607
1.2266806,713.207164
1.23052,714.9203
1.2343594,714.551858
1.2381987,715.713086
1.2420381,720.87544
1.2458775,725.113074
1.2497169,725.329334
1.2535563,727.94475
1.2573956,729.798804
1.261235,732.506628
1.2650743,736.707982
1.2689137,734.60769
1.272753,738.637782
1.2765924,734.182214
1.2804318,735.601916
1.2842712,741.174634
1.2881105,737.190686
1.2919499,738.227906
1.2957893,739.8136
1.2996287,744.788904
1.3034681,744.438916
1.3073074,745.631846
1.3111468,745.156728
1.3149862,739.859266
1.3188256,745.809508
1.3226649,751.63082
1.3265043,751.456774
1.3303437,752.914076
1.3341831,752.695824
1.3380225,750.949912
1.3418618,750.6754
1.3457012,757.093118
1.3495406,755.6214
1.35338,753.980176
1.3572193,755.436264
1.3610587,758.620178
1.3648981,763.563706
1.3687375,767.868772
1.3725769,779.818846
1.3764162,780.167714
1.3802556,784.802368
1.384095,784.740318
1.3879344,780.762488
1.3917737,778.570436
1.3956131,779.552918
1.3994525,784.884804
1.4032919,782.153222
1.4071312,785.707692
1.4109706,788.660008
1.41481,786.902274
1.4186494,792.212316
1.4224888,796.022814
1.4263281,798.35768
1.4301675,799.62998
1.4340069,803.418128
1.4378463,805.056702
1.4416856,806.915574
1.445525,808.904308
1.4493644,807.622508
1.4532038,808.003748
1.4570432,809.025306
1.4608825,813.63047
1.4647219,816.918224
1.4685613,822.571704
1.4724007,824.564746
1.47624,826.998414
1.4800794,825.89347
1.4839188,824.152222
1.4877582,824.629262
1.4915975,824.07234
1.4954369,827.02257
1.4992763,831.31122
1.5031157,836.019042
1.5069551,834.309448
1.5107944,836.394812
1.5146338,839.071996
1.5184731,836.508658
1.5223125,842.630286
1.5261518,844.906996
1.5299912,844.974328
1.5338306,850.67351
1.53767,853.58346
1.5415094,854.697412
1.5453487,854.547314
1.5491881,859.125476
1.5530275,864.219116
1.5568669,869.069166
1.5607062,871.176244
1.5645456,872.134336
1.568385,869.68501
1.5722244,869.630154
1.5760637,872.872142
1.5799031,875.959778
1.5837425,878.483276
1.5875819,886.448314
1.5914213,888.547196
1.5952606,884.812306
1.5991,888.282702
1.6029394,889.37949
1.6067787,889.846594
1.6106182,897.25884
1.6144575,902.211328
1.618297,901.236158
1.6221363,910.067432
1.6259756,912.964356
1.6298151,914.51062
1.6336544,919.664368
1.6374937,919.280626
1.6413332,923.327502
1.6451725,918.438892
1.649012,925.920092
1.6528513,927.811646
1.6566906,928.996778
1.6605301,937.99889
1.6643694,938.1891
1.6682089,944.403696
1.6720482,952.22915
1.6758875,961.175476
1.679727,966.879602
1.6835663,972.26505
1.6874056,981.499206
1.6912451,984.328358
1.6950844,990.749844
1.6989239,994.16127
1.7027632,998.545576
1.7066025,1000.115494
1.710442,1005.372548
1.7142813,1010.129666
1.7181208,1009.924162
1.7219601,1025.01034
1.7257994,1030.55002
1.7296389,1040.96352
1.7334782,1051.66688
1.7373175,1055.26044
1.741157,1063.80846
1.7449963,1062.36718
1.7488358,1071.38958
1.7526751,1074.53294
1.7565144,1082.59916
1.7603539,1088.83332
1.7641932,1090.38826
1.7680326,1100.36286
1.7718719,1101.92616
1.7757113,1111.50654
1.7795507,1112.27198
1.78339,1117.82838
1.7872295,1121.25524
1.7910688,1130.07592
1.7949081,1136.27888
1.7987476,1136.36468
1.8025869,1150.24714
1.8064262,1153.42338
1.8102657,1164.93688
1.814105,1174.62072
1.8179445,1181.91262
1.8217838,1185.54172
1.8256231,1187.94056
1.8294626,1194.94084
1.8333019,1192.60784
1.8371414,1202.35854
1.8409807,1211.775
1.84482,1216.32296
1.8486595,1222.87702
1.8524988,1225.95346
1.8563381,1230.92288
1.8601776,1231.86178
1.8640169,1243.33702
1.8678564,1248.81836
1.8716957,1245.62226
1.875535,1251.73086
1.8793745,1247.66668
1.8832138,1248.43778
1.8870533,1250.95588
1.8908926,1255.39688
1.8947319,1258.88198
1.8985714,1259.30268
1.9024107,1263.12868
1.9062502,1258.36544
1.9100895,1254.32424
1.9139288,1249.94066
1.9177683,1246.18846
1.9216076,1241.80788
1.9254469,1241.89436
1.9292864,1245.48414
1.9331257,1241.4101
1.9369652,1242.50636
1.9408045,1241.02248
1.9446438,1230.94604
1.9484833,1225.47062
1.9523226,1221.4235
1.9561621,1217.12408
1.9600014,1216.66448
1.9638407,1212.86364
1.9676802,1205.00312
1.9715195,1197.64586
1.9753588,1192.45622
1.9791983,1186.15972
1.9830376,1180.92006
1.9868771,1175.2324
1.9907164,1165.95364
1.9945557,1162.2432
1.9983952,1154.31042
2.0022345,1147.15276
2.006074,1141.51986
2.0099133,1130.89496
2.0137526,1127.91588
2.017592,1120.9345
2.0214314,1118.63422
2.0252707,1109.40358
2.0291101,1100.23048
2.0329494,1094.16084
2.0367889,1080.5916
2.0406282,1076.58384
2.0444675,1070.35454
2.048307,1061.82056
2.0521463,1054.06028
2.0559858,1048.74716
2.0598251,1038.69248
2.0636644,1030.200988
2.0675039,1024.820094
2.0713432,1015.61136
2.0751827,1013.547862
2.079022,1006.799008
2.0828613,1000.853158
2.0867008,988.16503
2.0905401,980.96079
2.0943794,975.62428
2.0982189,965.616396
2.1020582,962.620118
2.1058977,959.675768
2.109737,960.281214
2.1135763,957.81287
2.1174158,952.06964
2.1212551,942.530982
2.1250946,934.31333
2.1289339,935.585852
2.1327732,931.164464
2.1366127,924.2686
2.140452,921.70818
2.1442913,916.651148
2.1481308,912.166112
2.1519701,904.900878
2.1558096,901.18307
2.1596489,892.756666
2.1634882,887.7052
2.1673277,886.735216
2.171167,880.378052
2.1750065,880.387368
2.1788458,878.826892
2.1826851,877.681494
2.1865246,871.993972
2.1903639,871.826978
2.1942034,867.791772
2.1980427,864.349854
2.201882,868.201586
2.2057215,866.808706
2.2095608,866.964808
2.2134001,864.53556
2.2172396,860.442418
2.2210789,860.088244
2.2249184,856.446154
2.2287577,857.402136
2.232597,859.747658
2.2364365,857.23059
2.2402758,859.608044
2.2441153,856.345642
2.2479546,849.544884
2.2517939,844.486462
2.2556334,840.568836
2.2594727,837.698622
2.263312,839.287304
2.2671515,844.290002
2.2709908,843.063124
2.2748302,842.683238
2.2786695,839.792334
2.2825089,833.26095
2.2863482999999998,833.827076
2.2901876,836.719348
2.2940271,841.536936
2.2978664,842.76179
2.3017057,844.08357
2.3055452,841.770202
2.3093845,839.77787
2.3132238,837.167932
2.3170633,835.050744
2.3209026,832.416052
2.3247421,829.127992
2.3285814,829.015734
2.3324207,827.311634
2.3362602,823.517578
2.3400995,823.73086
2.343939,823.615284
2.3477783,822.479224
2.3516176,824.877492
2.3554571,823.755384
2.3592964,823.103602
2.3631359,819.322656
2.3669752,819.945044
2.3708145,815.387904
2.374654,814.133544
2.3784933,814.010728
2.3823326,812.486096
2.3861721,812.020372
2.3900114,814.243652
2.3938509,816.58828
2.3976902,817.020936
2.4015295,816.185034
2.405369,814.169982
2.4092083,816.254566
2.4130478,814.42472
2.4168871,815.173938
2.4207264,816.37369
2.4245659,813.144774
2.4284052,814.091698
2.4322445,814.42942
2.436084,809.318274
2.4399233,808.975306
2.4437628,807.667238
2.4476021,803.758938
2.4514414,803.600344
2.4552809,801.874292
2.4591202,801.647314
2.4629597,799.79696
2.466799,803.480932
2.4706383,807.660216
2.4744778,807.763206
2.4783171,807.178322
2.4821566,804.77284
2.4859959,802.628564
2.4898352,807.4447
2.4936747,811.846178
2.497514,809.371082
2.5013533,804.442676
2.5051928,800.648632
2.5090321,800.350988
2.5128716,805.047928
2.5167109,808.981094
2.5205502,809.124832
2.5243896,806.18556
2.528229,805.007812
2.5320684,803.901428
2.5359077,803.328738
2.539747,802.566016
2.5435865,800.024268
2.5474258,797.729834
2.5512651,796.197144
2.5551046,793.46338
2.5589439,793.979566
2.5627834,797.780056
2.5666227,798.51936
2.570462,802.119958
2.5743015,802.752528
2.5781408,799.783018
2.5819803,801.00508
2.5858196,800.247094
2.5896589,798.468616
2.5934984,800.722682
2.5973377,798.496178
2.6011772,798.512866
2.6050165,799.336646
2.6088558,798.405702
2.6126953,798.29596
2.6165346,800.007068
2.6203739,801.544068
2.6242134,802.846596
2.6280527,802.166358
2.6318922,798.323242
2.6357315,792.719838
2.6395708,791.733008
2.6434103,790.079662
2.6472496,790.295166
2.6510891,788.015172
2.6549284,787.942076
2.6587677,791.222426
2.6626072,789.666884
2.6664465,792.283494
2.6702858,791.981836
2.6741253,789.01527
2.6779646,791.245432
2.6818041,791.208838
2.6856434,789.68706
2.6894827,789.78429
2.6933222,792.680346
2.6971615,792.900072
2.701001,795.450026
2.7048403,796.386976
2.7086796,796.82648
2.7125191,797.913866
2.7163584,794.994348
2.7201977,792.766772
2.7240372,788.5161
2.7278765,790.27693
2.731716,796.660108
2.7355553,798.462816
2.7393946,801.105786
2.7432341,799.495592
2.7470734,798.027638
2.7509129,798.461476
2.7547522,797.785424
2.7585915,794.283884
2.762431,795.66565
2.7662703,797.238208
2.7701097,801.006276
2.7739491,803.124304
2.7777884,803.800086
2.7816278,803.779492
2.7854671,805.163146
2.7893064,808.156166
2.7931459,813.308056
2.7969852,814.671214
2.8008247,814.221996
2.804664,814.979322
2.8085033,812.085888
2.8123428,817.014256
2.8161821,818.366652
2.8200216,820.475634
2.8238609,822.791968
2.8277002,824.367528
2.8315397,827.764834
2.835379,827.37234
2.8392183,828.338586
2.8430578,826.327562
2.8468971,827.563792
2.8507366,830.078126
2.8545759,836.75536
2.8584152,841.299792
2.8622547,847.224342
2.866094,855.280408
2.8699335,856.915992
2.8737728,858.864746
2.8776121,862.35438
2.8814516,863.911084
2.8852909,868.747694
2.8891304,877.430554
2.8929697,880.601966
2.896809,883.96626
2.9006485,889.24292
2.9044878,896.161206
2.9083271,900.408032
2.9121666,908.61544
2.9160059,909.909594
2.9198454,912.1545
2.9236847,920.30598
2.927524,930.08103
2.9313635,938.992334
2.9352028,950.507484
2.9390423,960.36328
2.9428816,970.081154
2.9467209,981.341608
2.9505604,994.20576
2.9543997,1005.401142
2.958239,1013.801164
2.9620785,1019.353688
2.9659178,1027.617158
2.9697573,1032.00466
2.9735966,1042.22906
2.9774359,1051.95876
2.9812754,1056.70558
2.9851147,1061.42746
2.9889542,1066.00634
2.9927935,1067.90664
2.9966328,1071.18068
3.0004723,1074.27714
3.0043116,1074.97042
3.0081509,1077.45032
3.0119904,1083.8997
3.0158297,1086.72794
3.0196692,1087.40468
3.0235085,1084.1183
3.0273478,1076.92884
3.0311872,1077.24076
3.0350266,1072.67572
3.038866,1073.4058
3.0427053,1066.70236
3.0465446,1060.3516
3.0503841,1056.90064
3.0542234,1052.91434
3.0580629,1051.84656
3.0619022,1048.8515
3.0657415,1043.20296
3.069581,1033.148512
3.0734203,1022.005462
3.0772596,1016.195738
3.0810991,1013.248444
3.0849384,1015.394936
3.0887779,1014.607402
3.0926172,1010.827258
3.0964565,1002.240258
3.100296,992.956944
3.1041353,988.41476
3.1079748,982.706876
3.1118141,979.253736
3.1156534,977.240214
3.1194929,972.662146
3.1233322,969.214452
3.1271715,961.372912
3.131011,958.794934
3.1348503,955.105884
3.1386898,952.707654
3.1425291,950.461976
3.1463684,944.818908
3.1502079,945.858982
3.1540472,947.052344
3.1578867,944.138476
3.161726,938.785168
3.1655653,933.566222
3.1694048,930.132812
3.1732441,929.29075
3.1770836,929.718284
3.1809229,925.488306
3.1847622,919.413968
3.1886017,915.147606
3.192441,912.11256
3.1962803,911.273096
3.2001198,907.61333
3.2039593,905.974902
3.2077984,901.478626
3.2116379,901.762452
3.2154774,905.123122
3.2193165,904.0339
3.223156,903.09054
3.2269955,903.264586
3.2308346,900.282192
3.2346741,896.305822
3.2385136,894.198398
3.2423531,891.148562
3.2461922,890.406908
3.2500317,893.646448
3.2538712,893.132202
3.2577103,889.878856
3.2615498,884.794542
3.2653893,883.178808
3.2692284,880.108206
3.2730679,879.031458
3.2769073,877.686132
3.2807465,875.361414
3.284586,874.407774
3.2884254,875.587256
3.2922649,876.29718
3.296104,874.71073
3.2999435,872.197828
3.303783,872.043982
3.3076221,869.325572
3.3114616,869.35288
3.3153011,866.551966
3.3191402,864.2229
3.3229797,862.987108
3.3268192,860.947668
3.3306583,859.613902
3.3344978,859.927368
3.3383373,858.62694
3.3421768,857.828908
3.3460159,857.968432
3.3498554,857.340868
3.3536949,855.048974
3.357534,851.992472
3.3613735,849.993394
3.365213,848.445838
3.3690521,850.984204
3.3728916,851.392222
3.3767311,849.057032
3.3805706,851.425208
3.3844097,850.764464
3.3882492,852.940856
3.3920887,850.808008
3.3959278,847.041138
3.3997673,842.58367
3.4036068,844.474368
3.4074459,847.45176
3.4112854,848.30432
3.4151249,845.123144
3.418964,839.058692
3.4228035,835.85874
3.426643,833.53231
3.4304825,833.359008
3.4343216,833.878256
3.4381611,830.419434
3.4420006,832.162562
3.4458397,830.280442
3.4496792,829.575612
3.4535187,829.535864
3.4573578,831.55708
3.4611973,832.632642
3.4650368,835.240394
3.4688759,833.60387
3.4727154,831.012772
3.4765549,827.774582
3.4803944000000002,827.289002
3.4842335,826.553306
3.488073,828.210362
3.4919125,833.907532
3.4957516,834.475158
3.4995911,834.483106
3.5034306,835.67953
3.5072697,833.292662
3.5111092,836.306812
3.5149487,834.64237
3.5187878,833.593494
3.5226273,830.716846
3.5264668,824.342614
3.5303062,825.506714
3.5341454,824.776428
3.5379848,827.993944
3.5418243,830.267298
3.5456635,829.26781
3.5495029,829.48639
3.5533424,831.056616
3.5571815,831.135804
3.561021,827.800354
3.5648605,827.649524
3.5686996,827.12374
3.5725391,827.062574
3.5763786,826.495558
3.5802181,823.323402
3.5840572,820.370228
3.5878967,822.303406
3.5917362,820.723314
3.5955753,824.070482
3.5994148,826.827064
3.6032543,824.525624
3.6070934,826.205958
3.6109329,821.865342
3.6147724,821.375918
3.6186115,823.921962
3.622451,825.48887
3.6262905,829.143688
3.63013,828.55166
3.6339691,824.391944
3.6378086,822.604832
3.6416481,824.308008
3.6454872,827.985132
3.6493267,827.94553
3.6531662,828.25293
3.6570053,826.002206
3.6608448,828.05592
3.6646843,831.81405
3.6685238,832.26842
3.6723629,828.201502
3.6762024,822.610378
3.6800419,817.743762
3.683881,813.402464
3.6877205,812.596886
3.69156,812.753062
3.6953991,819.641786
3.6992386,825.622706
3.7030781,828.001466
3.7069172,827.963074
3.7107567,823.405786
3.7145962,824.421534
3.7184357,822.763746
3.7222748,822.351318
3.7261143,827.353016
3.7299538,828.603956
3.7337929,831.092786
3.7376324,831.159534
3.7414719,832.56018
3.745311,831.939306
3.7491505,829.105592
3.75299,828.034056
3.7568291,824.508032
3.7606686,828.055384
3.7645081,830.409874
3.7683475,830.043982
3.7721867,831.730798
3.7760262,827.96249
3.7798656,824.060878
3.7837048,825.212524
3.7875443,825.652354
3.7913837,830.176686
3.7952229,830.10834
3.7990623,826.792212
3.8029018,825.276378
3.806741,826.486534
3.8105804,826.910448
3.8144199,829.578612
3.8182594,827.10924
3.8220985,828.223974
3.825938,824.666136
3.8297775,825.362096
3.8336166,825.849622
3.8374561,820.779994
3.8412956,818.394592
3.8451347,814.786608
3.8489742,814.616494
3.8528137,815.632372
3.8566528,821.00924
3.8604923,823.952834
3.8643318,826.851062
3.8681713,826.847926
3.8720104,826.948352
3.8758499,824.317932
3.8796894,820.56135
3.8835285,820.541286
3.887368,817.672694
3.8912075,818.34121
3.8950466,821.50553
3.8988861,818.091368
3.9027256,816.007678
3.9065647,812.913144
3.9104042,807.46688
3.9142437,805.720872
3.9180832,805.840258
3.9219223,807.643946
3.9257618,809.330614
3.9296013,811.567346
3.9334404,809.326638
3.9372799,807.769338
3.9411194,806.895472
3.9449585,805.413428
3.948798,802.47882
3.9526375,804.213818
3.956477,803.067724
3.9603161,803.685718
3.9641556,799.96544
3.9679951,801.113382
3.9718342,802.159204
3.9756737,803.882128
3.9795132,803.911208
3.9833523,801.481664
3.9871918,798.961706
3.9910313,799.390332
3.9948704,796.661244
3.9987099,793.420154
4.0025494,794.231944
4.0063889,794.76799
4.010228,796.905336
4.0140675,796.571702
4.017907,797.251244
4.0217461,793.71659
4.0255856,790.95703
4.029425,790.767676
4.0332642,789.722022
4.0371037,792.811768
4.0409431,797.132128
4.0447823,795.889366
4.0486217,794.23783
4.0524612,792.311488
4.0563007,792.810278
4.0601398,796.823904
4.0639793,801.005042
4.0678188,799.693236
4.0716579,790.738576
4.0754974,786.168666
4.0793369,783.715834
4.083176,782.759752
4.0870155,788.104882
4.090855,788.145042
4.0946941,789.040078
4.0985336,789.357054
4.1023731,785.719508
4.1062126,785.01432
4.1100517,785.900526
4.1138912,789.336328
4.1177307,790.318664
4.1215698,787.440908
4.1254093,784.93186
4.1292488,785.181652
4.1330879,784.506984
4.1369274,785.492102
4.1407669,784.330848
4.144606,785.312684
4.1484455,787.180482
4.152285,789.043556
4.1561245,787.26018
4.1599636,787.503674
4.1638031,785.971814
4.1676426,783.998512
4.1714817,785.76212
4.1753212,787.481688
4.1791607,783.022094
4.1829998,783.608238
4.1868393,780.078552
4.1906788,778.255358
4.1945179,776.031178
4.1983574,775.252844
4.2021969,773.491356
4.2060364,776.757032
4.2098755,777.554968
4.213715,779.570592
4.2175545,786.62544
4.2213936,789.496962
4.2252331,789.350734
4.2290726,788.168738
4.2329117,786.1083
4.2367512,781.923928
4.2405907,783.634336
4.2444302,780.731776
4.2482693,780.69011
4.2521088,781.603638
4.2559483,776.748206
4.2597874,774.24248
4.2636269,775.608178
4.2674664,771.888124
4.2713055,771.466698
4.275145,764.303614
4.2789845,762.295214
4.2828236,761.869238
4.2866631,760.701282
4.2905025,765.466688
4.294342,770.549634
4.2981812,773.634376
4.3020206,775.157642
4.3058601,770.575976
4.3096992,763.893664
4.3135387,760.904212
4.3173782,760.75282
4.3212173,764.07107
4.3250568,768.479358
4.3288963,770.690978
4.3327354,769.30383200000006
4.3365749,764.527504
4.3404144,762.910022
4.3442539,760.109182
4.348093,759.042836
4.3519325,763.084132
4.355772,765.2125
4.3596111,769.473538
4.3634506,773.795956
4.3672901,769.233042
4.3711292,767.637254
4.3749687,766.376306
4.3788082,765.547876
4.3826473,761.689062
4.3864868,762.356774
4.3903263,761.40586
4.3941658,760.877674
4.3980049,758.639562
4.4018444,753.673584
4.4056839,754.64915800000006
4.409523,752.881336
4.4133625,755.34795
4.417202,755.55182
4.4210411,755.810718
4.4248806,757.388158
4.4287201,756.041088
4.4325592,754.423192
4.4363987,759.436072
4.4402382,756.110764
4.4440777,751.870412
4.4479168,748.694152
4.4517563000000004,744.876196
4.4555958,747.540942
4.4594349,750.694116
4.4632744,749.043504
4.4671139,748.809034
4.470953,747.10824
4.4747925,746.351662
4.478632,746.846142
4.4824711,748.662952
4.4863106,749.791344
4.4901501,748.172864
4.4939896,749.539952
4.4978287,752.799498
4.5016682,752.06687
4.5055077,754.639354
4.5093468,755.140698
4.5131863,753.94408
4.5170258,749.916868
4.5208649,747.686132
4.5247044,746.958826
4.5285439,747.393456
4.5323833,750.346864
4.5362225,748.051868
4.540062,748.540772
4.5439014,750.40707
4.5477406,753.142174
4.55158,755.43799
4.5554195,755.556016
4.5592587,755.072434
4.5630981,752.5912
4.5669376,755.111424
4.5707767,754.411134
4.5746162,750.804064
4.5784557,749.655248
4.5822952,749.177052
4.5861343,751.26073
4.5899738,754.663952
4.5938133,753.421458
4.5976524,751.249498
4.6014919,749.99319
4.6053314,750.429566
4.6091705,749.84065
4.61301,751.021728
4.6168495,753.065232
4.6206886,753.981774
4.6245281,755.479052
4.6283676,752.094444
4.6322071,750.072742
4.6360462,748.609802
4.6398857,748.59082
4.6437252,747.43528
4.6475643,744.972412
4.6514038,744.371816
4.6552433,742.812314
4.6590824,745.917394
4.6629219,744.976098
4.6667614,750.795812
4.6706005,748.69585
4.67444,750.203504
4.6782795,747.56134
4.682119,748.810252
4.6859581,748.609912
4.6897976,745.31017
4.6936371,739.892004
4.6974762,738.855076
4.7013157,733.418004
4.7051552,735.010108
4.7089943,732.392836
4.7128338,732.916604
4.7166733,731.022596
4.7205124,728.965786
4.7243519,728.302736
4.7281914,729.645042
4.7320309,729.63738
4.73587,730.874978
4.7397095,729.01794400000006
4.743549,731.050768
4.7473881,731.343458
4.7512276,733.15658
4.7550671,737.46875
4.7589062,737.069034
4.7627457,737.068458
4.7665852,735.257374
4.7704243,734.487976
4.7742638,735.920862
4.7781033,735.344066
4.7819427,734.312182
4.7857819,730.100474
4.7896214,726.407118
4.7934608,728.774474
4.7973,727.356384
4.8011395,730.351136
4.8049789,731.792872
4.8088181,726.433094
4.8126575,724.601428
4.816497,722.253896
4.8203365,723.725828
4.8241756,729.0923
4.8280151,733.665146
4.8318546,733.178612
4.8356937,731.654734
4.8395332,726.932628
4.8433727,724.658238
4.8472118,723.217164
4.8510513,726.516956
4.8548908,724.999134
4.8587299,721.16704
4.8625694,718.633828
4.8664089,718.637878
4.8702484,723.280324
4.8740875,728.94862
4.877927,731.723206
4.8817665,734.389036
4.8856056,732.798436
4.8894451,729.994628
4.8932846,729.963416
4.8971237,729.24043
4.9009632,730.718654
4.9048027,731.96123
4.9086418,730.246216
4.9124813,730.349012
4.9163208,727.150074
4.9201603,730.600304
4.9239994,730.57367
4.9278389,732.009472
4.9316784,732.853284
4.9355175,731.822068
4.939357,730.329906
4.9431965,728.75121
4.9470356,729.658068
4.9508751,724.596534
4.9547146,721.24995
4.9585537,723.518212
4.9623932,721.777234
4.9662327,725.76416
4.9700722,726.309582
4.9739113,728.15526
4.9777508,729.602404
4.9815903,730.320116
4.9854294,727.819678
4.9892689,726.127064
4.9931084,728.294664
4.9969475,727.407582
5.000787,721.522194
5.0046265,722.712572
5.0084656,724.551942
5.0123051,730.519642
5.0161446,734.705872
5.0199841,732.593272
5.0238232,733.451206
5.0276627,733.095566
5.0315022,736.773988
5.0353413,738.532166
5.0391808,741.421286
5.0430202,744.838002
5.0468594,749.218772
5.0506989,755.73828
5.0545383,754.608606
5.0583778,754.544434
5.0622169,753.725536
5.0660564,752.352502
5.0698959,755.993726
5.073735,760.412096
5.0775745,763.33783
5.081414,764.52146
5.0852531,765.232508
5.0890926,766.924792
5.0929321,772.197522
5.0967712,775.812512
5.1006107,777.0755
5.1044502,781.422558
5.1082897,784.048696
5.1121288,787.071582
5.1159683,792.135376
5.1198078,793.471862
5.1236469,797.919886
5.1274864000000004,796.218824
5.1313259,797.17075
5.135165,796.097204
5.1390045,798.39463
5.142844,803.385706
5.1466831,810.05106
5.1505226,814.512146
5.1543621,818.224792
5.1582016,814.388378
5.1620407,809.466346
5.1658802,809.00377
5.1697197,810.44624
5.1735588,816.543992
5.1773983,819.159838
5.1812378,820.276062
5.1850769,820.480346
5.1889164,820.945924
5.1927559,816.31133
5.196595,811.432594
5.2004345,809.871692
5.204274,808.717968
5.2081135,804.326208
5.2119526,802.808032
5.2157921,799.672656
5.2196316,803.622864
5.2234707,804.87014
5.2273102,805.84165
5.2311497,806.580662
5.2349888,807.162084
5.2388283,805.555044
5.2426678,803.645728
5.2465069,798.409532
5.2503464,797.136242
5.2541859,795.72058
5.2580254,795.295018
5.2618645,797.587892
5.265704,796.03291
5.2695435,795.032812
5.2733826,786.952222
5.2772221,780.02915
5.2810616,778.60066
5.2849007,779.802136
5.2887402,783.876392
5.2925797,783.528626
5.2964188,780.872924
5.3002583,776.702904
5.3040977,773.580262
5.3079372,772.031798
5.3117764,774.880482
5.3156158,775.833738
5.3194553,771.064636
5.3232944,765.268798
5.3271339,761.12654
5.3309734,762.3459
5.3348125,763.041052
5.338652,765.451868
5.3424915,764.834718
5.346331,766.424046
5.3501701,767.346338
5.3540096,765.197302
5.3578491,760.946888
5.3616882,759.471424
5.3655277,756.952476
5.3693672,756.766444
5.3732063,757.329724
5.3770458,756.015014
5.3808853,755.798672
5.3847244,753.51715
5.3885639,751.380518
5.3924034,750.068688
5.3962429,747.965906
5.400082,745.057336
5.4039215,736.974708
5.407761,736.078408
5.4116001,738.89911
5.4154396,741.412096
5.4192791,739.775954
5.4231182,736.498452
5.4269577,731.114102
5.4307972,730.031004
5.4346363,729.452232
5.4384758,727.562498
5.4423153,729.455724
5.4461548,730.24087
5.4499939,731.442812
5.4538334,730.550208
5.4576729,730.72091
5.461512,728.860156
5.4653515,729.505032
5.469191,726.973366
5.4730301,726.527258
5.4768696,726.519494
5.4807091,727.363806
5.4845482,728.599098
5.4883877,727.469836
5.4922272,722.579576
5.4960667,719.06178
5.4999058,714.96494
5.5037453,713.293336
5.5075848,713.689076
5.5114239,714.47362
5.5152634,718.791466
5.5191029,718.10227
5.522942,721.324572
5.5267815,718.485376
5.530621,716.637756
5.5344601,716.657558
5.5382996,717.062562
5.5421391,718.692506
5.5459785,718.335914
5.5498177,717.792164
5.5536572,717.201076
5.5574966,715.684766
5.5613358,712.30841
5.5651752,710.00314
5.5690147,711.415822
5.5728539,715.149512
5.5766933,714.772534
5.5805328,717.393848
5.5843719,714.67755
5.5882114,715.105482
5.5920509,710.30016
5.5958904,704.393934
5.5997295,701.923486
5.603569,703.096032
5.6074085,705.028918
5.6112476,710.087412
5.6150871,710.936096
5.6189266,712.318506
5.6227657,709.259288
5.6266052,706.102196
5.6304447,699.42766
5.6342842,703.937244
5.6381233,709.017576
5.6419628,717.768178
5.6458023,715.850768
5.6496414,711.746312
5.6534809,707.454834
5.6573204,706.93768
5.6611595,706.957228
5.664999,706.493188
5.6688385,705.241002
5.6726776,702.698912
5.6765171,700.25099
5.6803566,700.13589
5.6841961,698.223316
5.6880352,697.488208
5.6918747,693.571264
5.6957142,693.359316
5.6995533,689.911634
5.7033928,689.691736
5.7072323,691.14281
5.7110714,688.794544
5.7149109,690.963366
5.7187504,690.436278
5.7225895,692.69552
5.726429,695.90984
5.7302685,692.562046
5.734108,686.801926
5.7379471,682.46914
5.7417866,682.424098
5.7456261,684.828416
5.7494652,689.005066
5.7533047,685.51001
5.7571442,683.627796
5.7609833,682.717884
5.7648228,684.969042
5.7686623,686.452272
5.7725014,686.17716
5.7763409,684.72694
5.7801804,679.57412
5.7840199,679.276698
5.787859,679.743528
5.7916985,680.97937
5.7955379,677.499196
5.7993771,675.056652
5.8032166,678.850512
5.807056,683.01504
5.8108952,688.23811
5.8147346,686.172254
5.8185741,683.9583
5.8224133,682.889698
5.8262527,684.272364
5.8300922,685.614112
5.8339317,684.859032
5.8377708,681.957642
5.8416103,678.189308
5.8454498,683.6953
5.8492889,687.097084
5.8531284,691.720826
5.8569679,688.330138
5.860807,684.256982
5.8646465,683.993082
5.868486,679.9266
5.8723251,678.372596
5.8761646,678.521106
5.8800041,682.694484
5.8838436,683.46629600000006
5.8876827,680.81986
5.8915222,678.2995
5.8953617,677.323388
5.8992008,679.246838
5.9030403,680.647472
5.9068798,681.040392
5.9107189,684.6307
5.9145584,685.969312
5.9183979,687.544946
5.9222374,683.238392
5.9260765,678.484948
5.929916,674.709132
5.9337555,675.399854
5.9375946,677.841064
5.9414341,679.762744
5.9452736,680.711498
5.9491127,675.73203
5.9529522,674.844066
5.9567917,674.151098
5.9606308,676.292466
5.9644703,674.304774
5.9683098,673.833632
5.9721493,674.236742
5.9759884,675.227172
5.9798279,674.528346
5.9836674,671.116408
5.9875065,671.34204
5.991346,673.811488
5.9951855,674.438366
5.9990246,675.57527
6.0028641,672.97047
6.0067036,674.228308
6.0105427,677.3953
6.0143822,674.304382
6.0182217,674.708838
6.0220612,670.91371
6.0259003,668.879784
6.0297398,666.787416
6.0335793,663.103004
6.0374184,666.608606
6.0412579,671.026184
6.0450974,676.37866
6.0489365,677.838816
6.052776,673.087868
6.0566154,672.400888
6.0604546,669.417324
6.0642941,672.207654
6.0681335,673.732068
6.071973,669.712098
6.0758121,670.45498
6.0796516,671.668958
6.0834911,671.09492
6.0873302,672.003138
6.0911697,668.451354
6.0950092,665.01221
6.0988483,665.777344
6.1026878,668.556016
6.1065273,669.495912
6.1103664,670.376638
6.1142059,662.907666
6.1180454,663.964942
6.1218849,664.778308
6.125724,666.334912
6.1295635,664.15725
6.133403,661.544348
6.1372421,660.61078
6.1410816,661.932446
6.1449211,662.253394
6.1487602,656.884266
6.1525997,655.281154
6.1564392,658.048182
6.1602783,661.593008
6.1641178,660.545484
6.1679573,659.98296
6.1717968,656.118176
6.1756359,654.433998
6.1794754,653.721668
6.1833149,651.122912
6.187154,653.86991
6.1909935,654.451426
6.194833,655.317858
6.1986721,655.866346
6.2025116,650.77875
6.2063511,642.976268
6.2101906,640.585254
6.2140297,638.147438
6.2178692,639.39028
6.2217087,640.129588
6.2255478,639.430702
6.2293873,640.981176
6.2332268,641.556922
6.2370659,640.02755
6.2409054,637.762438
6.2447449,636.226818
6.248584,637.567408
6.2524235,641.375962
6.256263,642.882372
6.2601025,642.1563
6.2639416,642.040624
6.2677811,643.525746
6.2716206,648.106884
6.2754597,649.26051
6.2792992,650.371728
6.2831387,646.646924
6.2869778,644.05371
6.2908173,641.534852
6.2946568,640.685938
6.2984959,640.492014
6.3023354,640.947438
6.3061749,643.72323
6.3100143,647.448294
6.3138535,644.895506
6.3176929,643.553492
6.3215324,645.755748
6.3253716,643.217188
6.329211,642.833214
6.3330505,639.723048
6.3368896,640.758094
6.3407291,640.719786
6.3445686,638.776294
6.3484077,637.50093
6.3522472,636.653164
6.3560867,641.335656
6.3599262,646.00747
6.3637653,648.384142
6.3676048,643.897302
6.3714443,637.401222
6.3752834,633.36338
6.3791229,632.557238
6.3829624,633.03435
6.3868015,634.96366
6.390641,634.660108
6.3944805,635.803628
6.3983196,637.363758
6.4021591,638.615918
6.4059982,640.575206
6.4098381,637.375672
6.4136772,635.683642
6.4175163,633.928884
6.4213562,634.05044
6.4251953,635.757482
6.4290352,634.470716
6.4328743,637.379246
6.4367134,635.96228
6.4405533,633.40884
6.4443924,631.272156
6.4482315,626.59475
6.4520714,622.313194
6.4559105,620.553822
6.4597496,624.2021
6.4635895,629.435048
6.4674286,630.52654
6.4712677,623.805566
6.4751076,623.385608
6.4789467,622.37577
6.4827858,624.044298
6.4866257,624.462512
6.4904648,617.956726
6.4943039,615.989052
6.4981438,616.09911
6.5019829,619.053612
6.505822,624.117138
6.5096619,628.731654
6.513501,631.325284
6.5173401,634.655102
6.52118,629.47848
6.5250191,625.597414
6.5288589,623.899144
6.5326981,623.445924
6.5365372,622.690212
6.540377,618.23462
6.5442162,617.388184
6.5480553,613.703062
6.5518951,612.847412
6.5557343,612.582628
6.5595734,615.485998
6.5634132,615.73307
6.5672523,618.630482
6.5710915,616.10001
6.5749313,618.521178
6.5787704,620.88888
6.5826096,616.742016
6.5864494,615.634742
6.5902885,612.11327000000006
6.5941277,608.845788
6.5979675,607.789172
6.6018066,606.537314
6.6056458,610.277746
6.6094856,613.786584
6.6133247,613.210046
6.6171646,611.66437
6.6210037,611.982444
6.6248428,617.094044
6.6286827,618.431994
6.6325218,621.301454
6.6363609,620.863318
6.6402008,622.490928
6.6440399,622.293726
6.647879,621.58561
6.6517189,620.068506
6.655558,614.713232
6.6593971,609.17622
6.663237,606.751818
6.6670761,608.221804
6.6709152,609.454076
6.6747551,609.227282
6.6785942,612.598204
6.6824333,614.721742
6.6862732,618.987598
6.6901123,614.96598
6.6939514,610.87008
6.6977913,608.38103
6.7016304,604.990528
6.7054695,604.175696
6.7093094,606.718726
6.7131485,602.597778
6.7169884,601.732594
6.7208275,602.032812
6.7246666,605.390856
6.7285065,610.343238
6.7323456,606.772926
6.7361847,604.542884
6.7400246,604.245666
6.7438637,600.121508
6.7477028,599.834278
6.7515427,601.750658
6.7553818,601.985154
6.7592209,602.346534
6.7630608,593.004418
6.7668999,595.844944
6.770739,596.360548
6.7745789,603.068128
6.778418,600.205286
6.7822571,598.963818
6.786097,597.03601
6.7899361,601.436656
6.7937752,604.588062
6.7976151,600.50907
6.8014542,600.10089
6.8052933,598.940892
6.8091331,601.809632
6.8129723,603.904176
6.8168121,601.915
6.8206512,599.239732
6.8244904,596.9822
6.8283302,601.808934
6.8321693,601.187244
6.8360085,600.725732
6.8398483,600.158948
6.8436874,601.12356
6.8475266,598.592434
6.8513664,597.110048
6.8552055,594.419886
6.8590446,598.556518
6.8628845,594.007446
6.8667236,589.11239
6.8705627,589.62135
6.8744026,591.694068
6.8782417,594.134058
6.8820808,594.092652
6.8859207,593.188392
6.8897598,594.43806
6.8935989,590.304002
6.8974388,586.699866
6.9012779,581.23788
6.9051178,583.139942
6.9089569,585.93828
6.912796,588.003174
6.9166359,584.975598
6.920475,586.191138
6.9243141,590.605054
6.928154,594.209912
6.9319931,590.692492
6.9358322,587.99547
6.9396721,590.424524
6.9435112,595.038244
6.9473503,597.257056
6.9511902,594.371902
6.9550293,591.3906
6.9588684,589.358496
6.9627083,588.039552
6.9665474,587.104334
6.9703865,584.231518
6.9742264,581.971436
6.9780655,581.00056
6.9819046,581.579348
6.9857445,583.831996
6.9895836,583.483154
6.9934227,579.163318
6.9972626,574.351404
7.0011017,572.560034
7.0049416,576.921252
7.0087807,584.611572
7.0126198,587.88772
7.0164597,584.922584
7.0202988,584.630016
7.0241379,585.566538
7.0279778,587.52052
7.0318169,585.320338
7.035656,583.58048
7.0394958,584.441112
7.043335,586.235328
7.0471741,584.26936
7.0510139,582.726784
7.0548531,583.851926
7.0586922,586.686146
7.062532,592.468384
7.0663712,593.733412
7.0702103,592.931422
7.0740501,591.559532
7.0778893,587.87317
7.0817284,586.955176
7.0855682,590.693152
7.0894073,593.550902
7.0932465,592.921924
7.0970863,584.220276
7.1009254,578.214612
7.1047653,578.393482
7.1086044,581.272352
7.1124435,579.753638
7.1162834,578.13214
7.1201225,577.56438
7.1239616,581.309228
7.1278015,583.77307
7.1316406,585.58562
7.1354797,584.159948
7.1393196,583.423094
7.1431587,580.763634
7.1469978,576.479796
7.1508377,576.7303
7.1546768,573.743592
7.1585159,578.416516
7.1623558,586.409632
7.1661949,592.29879
7.170034,593.20736
7.1738739,582.70282
7.177713,573.311914
7.1815521,574.066492
7.185392,574.655944
7.1892311,579.734374
7.193071,578.674636
7.1969101,576.12594
7.2007492,571.036426
7.2045891,565.409108
7.2084282,562.468908
7.2122673,561.059484
7.2161072,566.409996
7.2199463,571.06919
7.2237854,574.25691200000006
7.2276253,572.334706
7.2314644,570.76416
7.2353035,568.606582
7.2391434,569.483972
7.2429825,570.15592
7.2468216,573.88506
7.2506615,575.626148
7.2545006,570.82494
7.2583397,570.318482
7.2621796,568.523728
7.2660187,568.901806
7.2698578,567.487122
7.2736977,566.1073
7.2775368,565.443042
7.2813759,568.470472
7.2852158,571.067738
7.2890549,575.876708
7.2928947,571.984352
7.2967339,566.777978
7.300573,569.056688
7.3044128,570.744984
7.308252,578.372744
7.3120911,575.758386
7.3159309,574.069484
7.3197701,572.813684
7.3236092,574.36388
7.327449,576.491066
7.3312881,570.65867
7.3351273,568.448292
7.3389671,569.505724
7.3428062,572.48108
7.3466454,567.709314
7.3504852,565.886864
7.3543243,565.033328
7.3581635,564.811988
7.3620033,565.823926
7.3658424,563.32273
7.3696815,566.094824
7.3735214,563.715574
7.3773605,564.476282
7.3811996,562.87965
7.3850395,556.468676
7.3888786,553.40559
7.3927185,555.218604
7.3965576,566.310486
7.4003967,575.440384
7.4042366,575.425268
7.4080757,571.767836
7.4119148,565.875426
7.4157547,559.825158
7.4195938,557.656628
7.4234329,553.71308
7.4272728,554.976666
7.4311119,553.792872
7.434951,563.320908
7.4387909,566.362696
7.44263,565.91986
7.4464691,557.500416
7.450309,550.888684
7.4541481,550.425476
7.4579872,549.907114
7.4618271,554.558764
7.4656662,555.590882
7.4695053,555.889832
7.4733452,551.860388
7.4771843,551.626648
7.4810242,555.408742
7.4848633,562.578222
7.4887024,566.002504
7.4925423,565.493262
7.4963814,558.22201
7.5002205,553.132838
7.5040604,549.44978
7.5078995,554.106878
7.5117386,561.51269
7.5155785,561.337842
7.5194176,557.512636
7.5232567,553.895178
7.5270966,551.994994
7.5309357,555.641242
7.5347748,552.786028
7.5386147,552.756652
7.5424538,546.576434
7.5462929,547.992248
7.5501328,550.835524
7.5539719,552.560656
7.557811,552.977112
7.5616508,555.44337
7.56549,557.858374
7.5693291,555.971448
7.5731689,549.132726
7.5770081,548.93719
7.5808479,552.18003
7.584687,557.544312
7.5885262000000004,558.352564
7.592366,557.004668
7.5962051,555.489722
7.6000443,557.282078
7.6038841,559.98628
7.6077232,560.905628
7.6115623,560.600454
7.6154022,561.269714
7.6192413,567.21952
7.6230804,566.569434
7.6269203,564.20392
7.6307594,559.749938
7.6345985,556.78827
7.6384384,559.127268
7.6422775,560.855822
7.6461166,557.613124
7.6499565,558.229444
7.6537956,559.36543
7.6576347,561.185156
7.6614746,560.17781
7.6653137,552.696008
7.6691528,552.20498
7.6729927,552.176476
7.6768318,554.118346
7.6806717,554.407118
7.6845108,548.979322
7.6883499,543.228268
7.6921898,544.47903
7.6960289,544.863006
7.699868,551.384924
7.7037079,548.478816
7.707547,549.557966
7.7113861,543.356572
7.715226,543.440428
7.7190651,542.811696
7.7229042,546.85454
7.7267441,548.951794
7.7305832,547.871082
7.7344223,550.992796
7.7382622,549.701324
7.7421013,549.734032
7.7459404,543.260534
7.7497803,542.225342
7.7536194,542.176116
7.7574585,540.975648
7.7612984,537.82777
7.7651375,534.341358
7.7689774,541.160094
7.7728165,544.474684
7.7766556,550.65194
7.7804955,543.09956
7.7843346,537.914672
7.7881737,535.288914
7.7920135,537.10704
7.7958527,546.268102
7.7996918,547.286632
7.8035316,550.398072
7.8073708,548.92835
7.8112099,550.15503
7.8150497,552.290926
7.8188889,551.017348
7.822728,554.551728
7.8265678,550.570752
7.830407,553.98933
7.8342461,556.787366
7.8380859,563.380238
7.841925,560.71089
7.8457642,556.067176
7.849604,550.980152
7.8534431,550.119264
7.8572823,546.108258
7.8611221,544.590266
7.8649612,545.868622
7.8688011,551.230742
7.8726402,554.162954
7.8764793,556.63201
7.8803192,556.211058
7.8841583,553.24165
7.8879974,544.996252
7.8918373,541.594684
7.8956764,545.563628
7.8995155,548.624908
7.9033554,549.806568
7.9071945,550.348496
7.9110336,551.036462
7.9148735,553.234584
7.9187126,550.607562
7.9225517,548.929504
7.9263916,550.903998
7.9302307,553.681916
7.9340698,554.825892
7.9379097,550.681354
7.9417488,544.194644
7.9455879,540.607292
7.9494278,540.081738
7.9532669,538.076396
7.957106,537.88338
7.9609459,529.620856
7.964785,526.675574
7.9686249,523.657604
7.972464,529.193786
7.9763031,538.882504
7.980143,546.06161
7.9839821,547.18513
7.9878212,544.186754
7.9916611,539.780872
7.9955002,541.245558
7.9993393,545.252838
8.0031792,547.483624
8.0070183,547.215288
8.0108574,544.32636
8.0146973,545.73385
8.0185364,544.16688
8.0223755,542.522624
8.0262154,538.122344
8.0300545,539.949176
8.0338936,539.53946
8.0377335,541.471502
8.0415726,538.801318
8.0454117,540.018012
8.0492516,543.254902
8.0530907,545.562306
8.0569305,548.876482
8.0607697,546.834648
8.0646088,540.519476
8.0684486,539.56048
8.0722878,537.989924
8.0761269,540.642816
8.0799667,540.021192
8.0838058,536.982312
8.087645,539.931446
8.0914848,538.365624
8.0953239,545.620972
8.0991631,549.453894
8.1030029,550.621044
8.106842,543.22508
8.1106812,537.56745
8.114521,539.645756
8.1183601,546.444898
8.1221992,549.451958
8.1260391,545.353016
8.1298782,545.10522
8.1337173,542.341022
8.1375572,545.122594
8.1413963,546.569092
8.1452354,548.435794
8.1490753,544.469868
8.1529144,536.7958
8.1567543,525.259462
8.1605934,526.277076
8.1644325,524.926308
8.1682724,534.040234
8.1721115,534.112634
8.1759506,542.432362
8.1797905,541.78042
8.1836296,541.055762
8.1874687,532.123812
8.1913086,529.75033
8.1951477,527.268226
8.1989868,533.928954
8.2028267,535.545784
8.2066658,533.730492
8.2105049,527.332538
8.2143448,520.21803
8.2181839,518.271546
8.222023,517.338142
8.2258629,517.195476
8.229702,514.934394
8.2335411,518.63174
8.237381,526.734472
8.2412201,528.165766
8.2450592,528.127064
8.2488991,524.347694
8.2527382,528.947164
8.2565781,530.37041
8.2604172,532.301088
8.2642563,528.127416
8.2680962,520.9795
8.2719353,517.492968
8.2757744,520.517224
8.2796143,523.085254
8.2834534,530.230258
8.2872925,530.070234
8.2911324,532.487922
8.2949715,526.262964
8.2988106,525.32956
8.3026505,522.18235
8.3064896,522.990014
8.3103287,523.813782
8.3141685,528.748916
8.3180077,524.268434
8.3218468,522.150922
8.3256866,523.488606
8.3295258,530.132416
8.3333649,528.11079
8.3372047,519.771502
8.3410439,512.798126
8.3448837,507.491718
8.3487228000000009,508.357354
8.352562,517.572516
8.3564018,525.339062
8.3602409,527.878704
8.36408,527.679628
8.3679199,530.82097
8.371759,530.01676
8.3755981,526.725546
8.379438,526.957202
8.3832771,524.926802
8.3871162,520.573914
8.3909561,516.466926
8.3947952,521.88141
8.3986343,524.019152
8.4024742,526.019788
8.4063133,519.229612
8.4101524,524.165648
8.4139923,521.619756
8.4178314,516.45161
8.4216705,508.666316
8.4255104,508.679108
8.4293495,512.63181
8.4331886,511.738766
8.4370285,511.021796
8.4408676,509.79515
8.4447075,501.73836
8.4485466,503.587566
8.4523857,507.441578
8.4562256,517.695024
8.4600647,514.644276
8.4639038,507.936714
8.4677437,502.43526
8.4715828,502.739472
8.4754219,503.06411
8.4792618,507.038384
8.4831009,515.086536
8.48694,522.819316
8.4907799,527.573274
8.494619,518.22704
8.4984581,505.8862
8.502298,498.262084
8.5061371,507.314788
8.5099762,516.754394
8.5138161,514.460592
8.5176552,506.48518
8.5214943,505.580878
8.5253342,509.301506
8.5291733,510.735652
8.5330124,504.784244
8.5368523,501.947406
8.5406914,503.091632
8.5445312,509.13507
8.5483704,517.265324
8.5522095,523.097664
8.5560493,523.0724
8.5598885,520.736782
8.5637276,513.527154
8.5675674,512.22818
8.5714066,509.832976
8.5752457,513.977716
8.5790855,519.6989
8.5829247,521.465334
8.5867638,519.999494
8.5906036,512.775952
8.5944427,512.618994
8.5982819,512.082648
8.6021217,505.38611
8.6059608,507.71026
8.6098,510.266642
8.6136398,518.923104
8.6174789,518.131908
8.6213181,511.98236000000003
8.6251579,506.035086
8.628997,500.424218
8.6328369,503.563812
8.636676,506.331366
8.6405151,509.881774
8.644355,513.713738
8.6481941,512.359304
8.6520332,512.65763
8.6558731,510.700922
8.6597122,508.677662
8.6635513,510.262362
8.6673912,509.751376
8.6712303,515.75442
8.6750694,514.41694
8.6789093,514.644964
8.6827484,509.41677
8.6865875,509.742914
8.6904274,504.101918
8.6942665,503.495952
8.6981056,503.390972
8.7019455,506.723572
8.7057846,507.546546
8.7096237,503.557542
8.7134636,501.651092
8.7173027,506.323334
8.7211418,514.580712
8.7249817,512.780446
8.7288208,508.968168
8.7326607,506.716816
8.7364998,514.342982
8.7403389,515.660796
8.7441788,516.645338
8.7480179,515.484356
8.751857,517.149164
8.7556969,517.983132
8.759536,515.991204
8.7633751,510.98438
8.767215,506.93086
8.7710541,503.83412
8.7748932,507.12673
8.7787331,513.819264
8.7825722,525.287974
8.7864113,525.816682
8.7902512,521.47601
8.7940903,514.816608
8.7979294,518.487868
8.8017693,522.00976
8.8056084,523.932808
8.8094475,520.185998
8.8132874,512.42091
8.8171265,506.214808
8.8209656,508.218148
8.8248055,515.457118
8.8286446,516.59521
8.8324844,515.830012
8.8363235,511.580902
8.8401627,516.966022
8.8440025,517.353534
8.8478416,517.46461
8.8516808,511.684004
8.8555206,518.050708
8.8593597,518.730358
8.8631989,524.254388
8.8670387,520.846928
8.8708778,522.37254
8.8747169,517.405362
8.8785568,516.073638
8.8823959,517.913692
8.886235,522.47698
8.8900749,514.693708
8.893914,509.178746
8.8977531,511.549412
8.901593,521.221142
8.9054321,525.035914
8.9092712,524.080604
8.9131111,523.250432
8.9169502,518.765546
8.9207901,511.455952
8.9246292,508.504468
8.9284683,513.502784
8.9323082,521.489222
8.9361473,522.471266
8.9399864,519.773274
8.9438263,513.26523
8.9476654,515.38388
8.9515045,516.637128
8.9553444,515.101898
8.9591835,506.314666
8.9630226,506.247338
8.9668625,505.383734
8.9707016,505.007996
8.9745407,504.72848
8.9783806,505.97024
8.9822197,506.045042
8.9860588,517.447594
8.9898987,518.306072
8.9937378,520.27251
8.9975769,516.037176
9.0014168,515.919798
9.0052559,508.21198
9.009095,504.831116
9.0129349,503.082612
9.016774,510.997924
9.0206139,510.471392
9.024453,515.061754
9.0282921,510.404182
9.032132,505.465918
9.0359711,504.598304
9.0398102,510.54235
9.0436501,515.394658
9.0474892,512.271692
9.0513283,510.263006
9.0551682,510.450356
9.0590073,515.933308
9.0628464,514.686964
9.0666862,514.727344
9.0705254,508.739556
9.0743645,508.579002
9.0782043,505.235484
9.0820435,507.409874
9.0858826,507.322276
9.0897224,501.133948
9.0935616,492.132156
9.0974007,490.130048
9.1012405,495.123936
9.1050797,503.58496
9.1089188,507.525914
9.1127586,508.49954
9.1165977,507.07844
9.1204376,504.464536
9.1242767,501.078688
9.1281158,498.707988
9.1319557,498.833826
9.1357948,510.04303
9.1396339,515.3768
9.1434738,510.689068
9.1473129,496.843642
9.151152,494.44693
9.1549919,498.639126
9.158831,500.6808
9.1626701,501.521192
9.16651,498.795714
9.1703491,499.118304
9.1741882,500.904406
9.1780281,502.893864
9.1818672,499.683656
9.1857063,498.38821
9.1895462,500.274378
9.1933853,500.682966
9.1972244,503.199372
9.2010643,503.190004
9.2049034,499.558276
9.2087433,492.996594
9.2125824,490.52754
9.2164215,488.493018
9.2202614,490.925184
9.2241005,485.897514
9.2279396,487.761638
9.2317795,488.225092
9.2356186,493.12668
9.2394577,492.397552
9.2432976,494.424572
9.2471367,494.386518
9.2509758,491.595076
9.2548157,493.194122
9.2586548,498.079048
9.2624939,505.948324
9.2663338,505.234462
9.2701729,498.723104
9.274012,492.404236
9.2778519,495.975532
9.281691,497.642204
9.2855301,500.651184
9.28937,503.339472
9.2932091,510.18275
9.2970482,515.038984
9.3008881,514.038294
9.3047272,504.99173
9.308567,499.422934
9.3124062,499.42359
9.3162453,495.9755
9.3200851,495.157812
9.3239243,497.71596
9.3277634,499.518938
9.3316032,504.921826
9.3354424,501.229084
9.3392815,503.845172
9.3431213,498.375714
9.3469604,498.56885
9.3507996,490.130762
9.3546394,495.565008
9.3584785,495.251814
9.3623177,496.107136
9.3661575,502.988384
9.3699966,506.432562
9.3738358,501.67796
9.3776756,489.054688
9.3815147,483.931316
9.3853539,487.310896
9.3891937,493.407386
9.3930328,496.674212
9.3968719,497.776698
9.4007118,498.144346
9.4045509,499.94588
9.4083908,497.529566
9.4122299,502.35444
9.416069,496.788878
9.4199089,488.30679
9.423748,486.437072
9.4275871,480.429658
9.431427,479.072598
9.4352661,482.769122
9.4391052,493.019732
9.4429451,500.440742
9.4467842,493.110456
9.4506233,486.489532
9.4544632,477.385836
9.4583023,479.650288
9.4621414,483.803962
9.4659813,491.08709
9.4698204,494.740826
9.4736595,494.497944
9.4774994,494.711394
9.4813385,487.156902
9.4851776,486.665398
9.4890175,482.844098
9.4928566,479.032886
9.4966965,477.96499
9.5005356,486.516594
9.5043747,492.310852
9.5082146,494.150074
9.5120537,486.99475
9.5158928,484.628874
9.5197327,491.509358
9.5235718,495.53988
9.5274109,494.31348
9.5312508,494.224726
9.5350899,500.202964
9.538929,500.589784
9.5427689,499.429106
9.546608,500.982678
9.5504471,493.821558
9.554287,489.80985
9.5581261,490.557654
9.5619652,495.903734
9.5658051,494.550208
9.5696442,495.262208
9.5734833,497.973572
9.5773232,493.5753
9.5811623,492.10326
9.5850014,487.827012
9.5888412,490.306798
9.5926804,497.780622
9.5965202,499.109018
9.6003593,491.226508
9.6041985,484.62789
9.6080383,484.139374
9.6118774,489.381346
9.6157166,490.08172
9.6195564,483.33797
9.6233955,480.85912
9.6272346,487.593074
9.6310745,496.05594
9.6349136,495.82962
9.6387527,499.15246
9.6425926,502.742518
9.6464317,490.254462
9.6502708,489.034228
9.6541107,481.441804
9.6579498,482.382852
9.6617889,479.64199
9.6656288,485.885838
9.6694679,486.766746
9.673307,488.19928
9.6771469,491.54995
9.680986,488.878182
9.6848251,481.755006
9.688665,476.98329
9.6925041,478.772386
9.696344,479.4871
9.7001831,476.768868
9.7040222,477.631298
9.7078621,480.79482
9.7117012,487.659582
9.7155403,484.646846
9.7193802,481.251704
9.7232193,475.959724
9.7270584,480.820436
9.7308983,489.352784
9.7347374,495.28899
9.7385765,495.255138
9.7424164,486.290638
9.7462555,477.325738
9.7500946,468.38036
9.7539345,471.41555
9.7577736,477.745288
9.7616127,479.279016
9.7654526,477.76622
9.7692917,479.548
9.7731308,473.374116
9.7769707,472.288886
9.7808098,478.388968
9.7846497,474.150506
9.7884888,468.95681
9.7923279,475.310326
9.7961678,480.760042
9.8000069,480.84805
9.803846,476.317484
9.8076859,477.166174
9.811525,471.939802
9.8153641,470.511988
9.8192039,471.977802
9.8230431,468.253698
9.8268822,468.1938
9.830722,472.793596
9.8345612,479.520884
9.8384003,482.462952
9.8422401,476.894482
9.8460793,475.566638
9.8499184,479.105714
9.8537582,486.254292
9.8575974,481.217144
9.8614365,479.230184
9.8652763,477.998962
9.8691154,477.181634
9.8729546,470.507236
9.8767944,465.106684
9.8806335,470.337352
9.8844734,476.814642
9.8883125,472.274968
9.8921516,467.090236
9.8959915,471.088556
9.8998306,471.673506
9.9036697,469.00356
9.9075096,464.105776
9.9113487,461.741676
9.9151878,471.5372
9.9190277,473.566422
9.9228668,476.580262
9.9267059,473.085326
9.9305458,471.694038
9.9343849,471.914454
9.938224,475.754066
9.9420639,476.255994
9.945903,477.340228
9.9497421,484.485176
9.953582,480.610186
9.9574211,474.322084
9.9612602,469.090732
9.9651001,475.794176
9.9689392,482.652558
9.9727791,485.823186
9.9766182,480.498126
9.9804573,470.558276
9.9842972,464.029866
9.9881363,463.156494
9.9919754,462.604144
9.9958153,467.670162
9.9996544,476.283198
10.003493,484.077084
10.007333,483.315056
10.011172,477.89124
10.015012,471.872906
10.018851,475.523152
10.022691,480.120216
10.02653,483.230518
10.03037,478.69496
10.034209,486.60417
10.038048,492.252984
10.041888,490.820868
10.045727,478.490424
10.049566,474.312062
10.053406,473.475984
10.057245,484.142712
10.061084,482.758178
10.064924,476.902668
10.068763,472.0255
10.072603,469.246376
10.076442,476.63694
10.080281,481.37506
10.084121,479.384222
10.08796,473.991944
10.091799,477.922604
10.095639,482.56987
10.099478,475.108704
10.103317,471.761408
10.107157,475.372586
10.110996,483.76645
10.114835,481.396578
10.118675,489.91297
10.122514,493.896892
10.126353,482.579796
10.130193,466.932288
10.134032,471.670852
10.137872,485.91563
10.141711,494.96546
10.145551,496.435848
10.14939,486.405164
10.15323,470.109204
10.157069,466.735688
10.160908,465.340198
10.164748,475.204572
10.168587,478.25871
10.172427,476.167436
10.176266,477.959996
10.180105,479.91592
10.183945,483.36068
10.187784,481.982634
10.191623,485.14555
10.195463,487.687808
10.199302,486.710286
10.203141,477.522554
10.206981,481.438542
10.21082,480.689252
10.214659,480.979346
10.218499,477.373546
10.222338,480.47788
10.226177,479.64596
10.230017,477.269262
10.233856,482.452216
10.237695,488.41504
10.241535,494.883514
10.245374,495.923576
10.249213,489.07467
10.253053,474.07843
10.256892,477.372488
10.260732,488.80304
10.264571,492.638014
10.26841,488.53482
10.27225,489.26436
10.276089,494.372894
10.279929,493.123034
10.283768,490.050466
10.287608,487.566272
10.291447,488.435468
10.295287,484.199896
10.299126,486.623182
10.302965,492.12229
10.306805,500.184448
10.310644,504.335828
10.314483,495.790218
10.318323,489.26204
10.322162,484.40335
10.326001,486.75081
10.329841,489.39977
10.33368,486.44756
10.337519,493.067948
10.341359,496.276936
10.345198,494.956564
10.349037,490.665582
10.352877,485.967524
10.356716,491.926332
10.360556,495.951384
10.364395,495.984588
10.368234,490.1542
10.372074,490.648232
10.375913,484.109834
10.379752,483.757622
10.383592,492.805352
10.387431,499.25766
10.39127,496.372308
10.39511,495.010382
10.398949,500.16815
10.402789,486.30667
10.406628,474.000476
10.410468,470.532042
10.414307,475.530004
10.418147,477.51949
10.421986,491.110072
10.425825,493.59649
10.429665,495.42013
10.433504,493.250838
10.437343,491.732866
10.441183,490.003646
10.445022,481.401684
10.448861,478.405274
10.452701,481.755992
10.45654,484.639344
10.46038,481.777322
10.464219,478.576988
10.468058,486.167334
10.471898,490.216816
10.475737,486.24628
10.479576,478.778654
10.483416,461.141058
10.487255,465.98952
10.491094,485.658882
10.494934,496.27215
10.498773,488.820092
10.502612,480.102404
10.506452,475.4325
10.510291,482.741632
10.51413,492.67713
10.51797,490.769188
10.521809,485.867524
10.525648,486.7763
10.529488,485.396752
10.533327,485.208004
10.537167,487.657988
10.541006,484.446724
10.544846,482.618848
10.548685,486.660912
10.552525,476.900776
10.556364,464.854776
10.560204,462.620668
10.564043,467.624422
10.567882000000001,473.892366
10.571722,481.966748
10.575561,484.735902
10.5794,474.873596
10.58324,474.733906
10.587079,476.17362
10.590918,484.702448
10.594758,485.377748
10.598597,486.972978
10.602436,482.04762
10.606276,487.447664
10.610115,489.825892
10.613954,492.68351
10.617794,486.02771
10.621633,481.354834
10.625472,476.381586
10.629312,481.34668
10.633151,488.713924
10.63699,487.292728
10.64083,478.939418
10.644669,477.0359
10.648509,480.524738
10.652348,480.73883
10.656187,487.491602
10.660027,488.576166
10.663866,490.773002
10.667706,490.27685
10.671545,484.143668
10.675385,478.708044
10.679224,475.405494
10.683064,478.710296
10.686903,481.27558
10.690742,483.966904
10.694582,485.92633
10.698421,483.576582
10.70226,485.706932
10.7061,478.660346
10.709939,473.292482
10.713778,477.531574
10.717618,476.058818
10.721457,473.794332
10.725296,477.934734
10.729136,478.57176
10.732975,477.297492
10.736814,479.461458
10.740654,478.321962
10.744493,476.025544
10.748333,478.516064
10.752172,480.851554
10.756011,482.902358
10.759851,482.957746
10.76369,489.57445
10.767529,491.959796
10.771369,487.89826
10.775208,482.685656
10.779047,479.361828
10.782887,479.205688
10.786726,482.133406
10.790565,486.290654
10.794405,488.882698
10.798244,485.537708
10.802084,488.56277
10.805923,492.591444
10.809763,492.064824
10.813602,475.946314
10.817442,468.870502
10.821281,477.652808
10.82512,483.403598
10.82896,487.0442
10.832799,484.510584
10.836639,485.720824
10.840478,477.54563
10.844317,478.172878
10.848157,480.14605
10.851996,487.147474
10.855835,485.834406
10.859675,479.42233
10.863514,477.064466
10.867353,490.870876
10.871193,497.726514
10.875032,498.44742
10.878871,485.867748
10.882711,487.133104
10.88655,488.314046
10.890389,486.081016
10.894229,489.991034
10.898068,496.976448
10.901907,497.936108
10.905747,496.449242
10.909586,497.76451
10.913425,494.583758
10.917265,483.429396
10.921104,470.34306
10.924944,466.932616
10.928783,467.247796
10.932623,466.095672
10.936462,468.667278
10.940302,468.140662
10.944141,468.211994
10.94798,472.795972
10.95182,476.388696
10.955659,475.560638
10.959499,478.534404
10.963338,480.493274
10.967177,478.885384
10.971017,474.769502
10.974856,483.177466
10.978695,491.056738
10.982535,484.402844
10.986374,478.6016
10.990213,477.160528
10.994053,478.883998
10.997892,476.905042
11.001731,476.205792
11.005571,479.95332
11.00941,495.155346
11.013249,502.885766
11.017089,495.827594
11.020928,490.543982
11.024767,486.514576
11.028607,490.516528
11.032446,481.127768
11.036286,476.234564
11.040125,475.137348
11.043964,484.829314
11.047804,494.239244
11.051643,483.914164
11.055482,471.520032
11.059322,480.274188
11.063161,494.27827
11.067001,491.872548
11.07084,475.10879
11.07468,473.081684
11.078519,489.436414
11.082359,487.722692
11.086198,475.001232
11.090037,476.26329
11.093877,481.07342
11.097716,486.993524
11.101555,490.238642
11.105395,500.954284
11.109234,498.232746
11.113073,490.059014
11.116913,491.142438
11.120752,487.627384
11.124592,481.040418
11.128431,474.9086
11.13227,471.595478
11.13611,477.08365
11.139949,483.029638
11.143788,479.415224
11.147628,476.532232
11.151467,479.130846
11.155306,483.980694
11.159146,478.835822
11.162985,484.30108
11.166824,484.132732
11.170664,475.970572
11.174503,467.070136
11.178342,468.06328
11.182182,473.604072
11.186021,483.116052
11.189861,480.034046
11.1937,464.722198
11.19754,468.257874
11.201379,474.326624
11.205219,472.4339
11.209058,474.877754
11.212897,476.524476
11.216737,471.231178
11.220576,474.134234
11.224416,479.854022
11.228255,488.865222
11.232094,490.763426
11.235934,488.664336
11.239773,480.237646
11.243612,477.659728
11.247452,484.86764
11.251291,492.036884
11.25513,486.09547
11.25897,480.471898
11.262809,487.935682
11.266648,490.215758
11.270488,481.50443
11.274327,477.703986
11.278166,474.304638
11.282006,476.251568
11.285845,489.901684
11.289684,497.362208
11.293524,483.076236
11.297363,483.173762
11.301202,488.636066
11.305042,480.436402
11.308881,474.771912
11.31272,483.214618
11.31656,492.245826
11.320399,489.671636
11.324239,483.752526
11.328078,486.524774
11.331918,491.764026
11.335757,496.616082
11.339597,484.108748
11.343436,474.741012
11.347276,478.217286
11.351115,477.858674
11.354954,478.118672
11.358794,477.98581
11.362633,483.021468
11.366472,483.833458
11.370312,472.738164
11.374151,471.134716
11.37799,480.041744
11.38183,475.4063
11.385669,474.763606
11.389508,478.01477
11.393348,471.680518
11.397187,475.723646
11.401026,478.887242
11.404866,478.225902
11.408705,473.364822
11.412545,464.958496
11.416384,470.466442
11.420223,484.93592
11.424063,483.177198
11.427902,475.788984
11.431741,472.728552
11.435581000000001,483.91009
11.43942,490.39226
11.443259,472.189624
11.447099,453.970318
11.450938,461.694104
11.454778,485.073536
11.458617,487.825386
11.462457,482.389574
11.466296,483.646448
11.470135,482.688188
11.473975,490.903176
11.477814,501.844142
11.481654,503.890344
11.485493,491.533816
11.489332,486.68988
11.493172,489.322218
11.497011,487.453834
11.50085,482.15385
11.50469,493.353388
11.508529,502.756146
11.512369,499.803944
11.516208,499.275464
11.520047,492.472626
11.523887,479.324388
11.527726,481.016746
11.531565,490.399542
11.535405,490.147174
11.539244,492.264838
11.543083,498.800406
11.546923,495.286546
11.550762,482.158216
11.554601,487.243226
11.558441,496.789574
11.56228,500.970718
11.566119,498.826518
11.569959,498.167418
11.573798,496.606336
11.577637,490.979858
11.581477,488.790464
11.585316,491.195856
11.589156,485.860168
11.592995,480.795928
11.596835,478.855596
11.600674,476.868552
11.604514,473.206794
11.608353,480.802558
11.712016,508.375096
11.715855,505.719502
11.719695,505.384406
11.723534,498.24704
11.727374,499.163384
11.731213,509.302078
11.735052,513.389204
11.738892,515.918018
11.742731,515.613048
11.746571,508.384028
11.75041,502.199158
11.754249,509.661548
11.758089,504.702678
11.761928,496.554046
11.765767,503.029814
11.769607,506.211616
11.773446,510.087072
11.777285,511.345996
11.781125,499.338784
11.784964,490.024352
11.788803,493.485444
11.792643,489.98755
11.796482,487.524828
11.800322,498.735742
11.804161,513.60376
11.808,509.902732
11.81184,493.981338
11.815679,484.727088
11.819518,488.086752
11.823358,494.057946
11.827197,499.226966
11.831036,506.302764
11.834876,501.741968
11.838715,499.033258
11.842554,506.620848
11.846394,503.932532
11.850233,501.36573
11.854073,503.97964
11.857912,495.024202
11.861752,501.172894
11.865591,505.149586
11.869431,497.176334
11.87327,492.234624
11.877109,497.334484
11.880949,501.891182
11.884788,495.946232
11.888627,493.482208
11.892467,498.508172
11.896306,499.328224
11.900146,489.365396
11.903985,483.22085
11.907824,491.151062
11.911664,496.173492
11.915503,483.649324
11.919342,479.2807
11.923182,487.019746
11.927021,489.139436
11.93086,491.272728
11.9347,479.359784
11.938539,485.377314
11.942378,491.898796
11.946218,485.94015
11.950057,484.961364
11.953896,499.320106
11.957736,504.602546
11.961575,503.795086
11.965414,507.212138
11.969254,497.855742
11.973093,487.146238
11.976933,496.37597
11.980772,506.250574
11.984612,506.476374
11.988451,499.920172
11.99229,506.137184
11.99613,503.760376
11.999969,503.951062
12.003809,505.193724
12.007648,509.77264
12.011488,507.811128
12.015327,503.376268
12.019166,505.79776
12.023006,512.608056
12.026845,500.75481
12.030684,490.078486
12.034524,500.273008
12.038363,506.656078
12.042202,506.292144
12.046042,500.627502
12.049881,486.694872
12.05372,488.64718800000003
12.05756,494.02124
12.061399,486.54438
12.065238,481.848382
12.069078,498.899964
12.072917,501.474214
12.076756,499.037098
12.080596,499.909904
12.084435,499.06877
12.088275,495.108484
12.092114,488.827838
12.095953,491.095642
12.099793,490.162936
12.103632,494.075492
12.107471,506.82108
12.111311,502.455878
12.11515,497.130068
12.11899,505.29685
12.122829,512.938678
12.126669,505.251868
12.130508,495.060672
12.134348,494.608898
12.138187,496.222254
12.142026,488.633196
12.145866,486.198174
12.149705,492.565002
12.153544,497.416836
12.157384,493.010346
12.161223,494.278602
12.165062,511.744774
12.168902,509.989962
12.172741,503.986748
12.17658,513.630334
12.18042,508.319564
12.184259,500.820744
12.188099,500.87539399999997
12.191938,496.21806
12.195777,498.664588
12.199617,492.153962
12.203456,487.880762
12.207295,496.578826
12.211135,502.22228
12.214974,499.610224
12.218813,501.404816
12.222653,505.25299
12.226492,500.204728
12.230331,498.244574
12.234171,513.762354
12.23801,514.40673
12.24185,500.804624
12.245689,501.24101
12.249529,505.754918
12.253368,508.043866
12.257207,500.445564
12.261047,498.421656
12.264886,508.092732
12.268726,506.199382
12.272565,498.980744
12.276405,490.608852
12.280244,499.36714
12.284083,495.084698
12.287923,492.21394
12.291762,503.06861
12.295601,509.739106
12.299441,517.768588
12.30328,525.700852
12.307119,507.698188
12.310959,483.116564
12.314798,488.88123
12.318637,507.192866
12.322477,516.43476
12.326316,513.844214
12.330155,514.746534
12.333995,521.785284
12.337834,522.367762
12.341673,525.05261
12.345513,514.053338
12.349352,498.583922
12.353191,503.558004
12.357031,502.960448
12.36087,497.069716
12.364709,501.254778
12.368549,506.889296
12.372388,504.368162
12.376228,506.15659
12.380067,510.9841
12.383907,499.820722
12.387746,483.370018
12.391586,495.249346
12.395425,501.068
12.399265,501.03194
12.403104,506.215942
12.406943,497.08174
12.410783,496.890648
12.414622,499.021936
12.418461,497.450038
12.422301,506.46537
12.42614,505.263022
12.429979,501.061646
12.433819,503.657324
12.437658,506.6664
12.441497,507.960334
12.445337,508.44259
12.449176,506.79873
12.453015,505.006684
12.456855,508.111644
12.460694,515.265768
12.464533,519.294434
12.468373,524.782604
12.472212,528.169636
12.476052,530.577538
12.479891,530.621254
12.48373,525.43631
12.48757,523.661418
12.491409,516.798432
12.495248,526.017852
12.499088,535.095494
12.502927,524.483936
12.506767,516.525818
12.510606,519.400874
12.514445,524.116174
12.518285,529.005262
12.522124,532.632726
12.525964,520.170492
12.529803,516.740362
12.533643,506.296942
12.537482,506.068212
12.541321,517.79253
12.545161,522.086366
12.549,519.692592
12.552839,508.030222
12.556679,501.575708
12.560518,502.639092
12.564358,505.917876
12.568197,519.886982
12.572036,527.65611
12.575876,520.681872
12.579715,516.048608
12.583554,522.747348
12.587394,530.766066
12.591233,540.24228
12.595072,545.419038
12.598912,530.481562
12.602751,506.140288
12.60659,503.425018
12.61043,506.721942
12.614269,511.83421
12.618108,517.582128
12.621948,513.32561
12.625787,509.997914
12.629626,510.269154
12.633466,503.971978
12.637305,500.155876
12.641145,509.81822
12.644984,520.346228
12.648824,507.899682
12.652663,486.573132
12.656503,487.993792
12.660342,516.329144
12.664182,531.916456
12.668021,522.542812
12.67186,511.90493
12.6757,509.898576
12.679539,512.1334
12.683378,515.227852
12.687218,514.090716
12.691057,507.564014
12.694896,525.83993
12.698736,538.91925
12.702575,526.652692
12.706414,509.452502
12.710254,491.166816
12.714093,494.78608
12.717932,504.088702
12.721772,509.788984
12.725611,511.719158
12.72945,510.83115
12.73329,522.85089
12.737129,527.60349
12.740968,514.260446
12.744808,500.105358
12.748647,501.000988
12.752486,498.170014
12.756326,503.065572
12.760165,518.215294
12.764005,524.965968
12.767844,539.850372
12.771684,532.065308
12.775523,511.521386
12.779362,525.170234
12.783202,531.203266
12.787041,525.130364
12.790881,522.752368
12.79472,526.31194
12.79856,517.38309
12.802399,515.70349
12.806238,536.78017
12.810077,548.747002
12.813918,543.682356
12.817757,530.575102
12.821596,530.171606
12.825435,530.521154
12.829274,535.151216
12.833113,524.005822
12.836954,521.495124
12.840793,535.788056
12.844632,526.318676
12.848471,511.853044
12.85231,515.921674
12.856149,529.502978
12.85999,529.564312
12.863829,525.545906
12.867668,506.928256
12.871507,504.200852
12.875346,529.996594
12.879185,539.31609
12.883026,536.854486
12.886865,531.587774
12.890704,542.852656
12.894543,537.110664
12.898383,520.084162
12.902223,524.748732
12.906062,532.7043
12.909901,536.059316
12.913741,538.536288
12.91758,535.755458
12.921419,537.045606
12.925259,531.393128
12.929099,525.030884
12.932938,542.643156
12.936777,545.541684
12.940616,535.394366
12.944455,525.582238
12.948296,529.08517
12.952135,538.467776
12.955974,529.852826
12.959813,530.609808
12.963652,540.335344
12.967491,534.067676
12.971332,528.235004
12.975171,541.543198
12.97901,562.821538
12.982849,558.318038
12.986688,537.971886
12.990527,530.765264
12.994368,524.410846
12.998207,523.977134
13.002046,522.353096
13.005885,510.220234
13.009724,504.052392
13.013565,517.653888
13.017404,534.519318
13.021243,529.83811
13.025082,517.73942
13.028922,516.188256
13.032761,526.039402
13.036601,536.280348
13.04044,541.50533600000006
13.044279,531.26527
13.048119,520.94992
13.051958,518.818952
13.055797,521.939532
13.059637,525.374908
13.063477,523.461504
13.067316,546.746428
13.071155,558.094642
13.074994,542.097816
13.078833,546.246094
13.082674,553.166754
13.086513,544.275952
13.090352,530.938002
13.094191,532.486942
13.09803,548.12555
13.101871,537.865394
13.10571,524.425358
13.109549,534.080488
13.113388,545.696978
13.117227,545.121844
13.121066,538.145416
13.124907,531.996788
13.128746,536.305976
13.132585,548.334094
13.136424,558.750814
13.140263,562.41806
13.144102,549.338544
13.147943,546.55512
13.151782,541.658876
13.155621,549.611544
13.15946,558.589568
13.1633,546.816182
13.167139,531.628062
13.170979,540.050246
13.174818,548.766718
13.178658,534.95846
13.182497,529.491962
13.186336,540.53977
13.190176,540.695746
13.194016,544.536786
13.197855,551.772728
13.201694,546.709698
13.205533,545.422832
13.209372,544.557978
13.213213,547.452402
13.217052,533.786244
13.220891,529.095142
13.22473,538.450818
13.228569,523.506426
13.232408,521.055538
13.236249,542.661304
13.240088,544.29264
13.243927,550.138478
13.247766,548.463358
13.251605,542.182648
13.255444,557.032442
13.259285,543.835912
13.263124,535.25474
13.266963,548.600898
13.270802,547.213246
13.274641,551.33037
13.278481,565.07763
13.282321,564.847864
13.28616,553.091906
13.289999,540.334294
13.293839,542.085828
13.297678,538.772034
13.301518,530.032056
13.305357,543.221298
13.309196,547.581762
13.313036,546.730662
13.316875,555.681066
13.320714,545.30528
13.324554,528.84444
13.328394,523.568252
13.332233,548.865144
13.336072,565.555592
13.339911,555.51369
13.34375,536.411922
13.347591,526.194854
13.35143,529.28553
13.355269,537.749096
13.359108,543.25227400000006
13.362947,562.8156
13.366786,560.457514
13.370627,547.837404
13.374466,540.254902
13.378305,542.2698
13.382144,572.9734
13.385983,570.658496
13.389824,553.221806
13.393663,541.085378
13.397502,551.746362
13.401341,557.974262
13.40518,565.180916
13.409019,566.079908
13.41286,560.9032
13.416699,573.42812
13.420538,586.104242
13.424377,582.848926
13.428217,566.651672
13.432056,562.483868
13.435896,558.18689
13.439735,549.980578
13.443575,556.789592
13.447414,558.497094
13.451253,569.727482
13.455092,583.852008
13.458932,559.309288
13.462772,546.383534
13.466611,573.707334
13.47045,577.749972
13.474289,577.627196
13.47813,586.26568
13.481969,575.916236
13.485808,547.93719
13.489647,545.777626
13.493486,557.747802
13.497325,559.073406
13.501166,574.179742
13.505005,569.772736
13.508844,562.633068
13.512683000000001,569.274324
13.516522,575.412114
13.520361,578.572308
13.524202,570.283448
13.528041,563.233626
13.53188,569.129242
13.535719,579.273976
13.539558,589.140154
13.543398,579.43482
13.547238,583.996346
13.551077,586.893584
13.554916,581.172206
13.558755,579.286262
13.562595,578.64676
13.566434,584.511818
13.570274,590.39619
13.574113,589.113738
13.577953,580.72229
13.581792,580.595446
13.585631,585.910688
13.589471,576.263934
13.593311,570.473712
13.59715,566.32473
13.600989,564.47309
13.604828,576.524286
13.608667,598.867788
13.612508,583.363146
13.616347,563.054164
13.620186,580.088012
13.624025,592.931408
13.627864,577.41576
13.631703,558.015552
13.635544,566.690832
13.639383,585.688032
13.643222,588.497338
13.647061,596.854714
13.6509,587.16476
13.654739,576.695446
13.65858,579.433862
13.662419,581.671656
13.666258,595.08309
13.670097,598.706222
13.673936,596.329558
13.677777,587.028956
13.681616,589.833124
13.685455,597.939366
13.689294,595.118182
13.693134,590.212526
13.696973,590.834778
13.700813,586.674244
13.704652,581.064184
13.708492,598.035682
13.712331,603.231982
13.71617,607.13457
13.720009,602.407666
13.723849,598.008348
13.727689,592.918592
13.731528,597.863744
13.735367,591.699658
13.739206,593.218018
13.743045,562.82008
13.746886,556.969994
13.750725,580.494664
13.754564,595.488312
13.758403,591.760566
13.762242,592.99568
13.766083,594.565778
13.769922,591.473572
13.773761,582.643224
13.7776,566.38597
13.781439,559.644958
13.785278,577.382074
13.789119,597.246748
13.792958,606.992238
13.796797,589.458288
13.800636,590.866384
13.804475,589.34655
13.808315,581.813794
13.812155,581.591578
13.815994,575.803242
13.819833,576.605116
13.823672,582.90405
13.827512,579.062396
13.831351,566.643
13.835191,576.070314
13.83903,612.195788
13.84287,618.06217
13.846709,600.396812
13.850548,582.432856
13.854387,576.222302
13.858228,594.693068
13.862067,610.791894
13.865906,606.310476
13.869745,589.049152
13.873584,584.11955
13.877425,586.090612
13.881264,576.931244
13.885103,594.568726
13.888942,582.284686
13.892781,583.79234
13.89662,612.382896
13.900461,616.901318
13.9043,610.38498
13.908139,617.301146
13.911978,608.59485
13.915817,580.294636
13.919656,579.95241
13.923497,567.583524
13.927336,573.675104
13.931175,592.926368
13.935014,597.95398
13.938853,603.115114
13.942693,596.22312
13.946533,616.226074
13.950372,613.137416
13.954211,608.30536
13.958051,624.528432
13.96189,610.467724
13.96573,588.03501000000006
13.969569,604.381006
13.973409,595.56053
13.977248,601.591382
13.981087,619.121674
13.984926,605.872086
13.988766,619.763478
13.992606,614.562464
13.996445,630.410036
14.000284,639.357934
14.004123,629.07107
14.007962,594.279564
14.011803,579.772236
14.015642,583.52176
14.019481,591.521778
14.02332,604.69165
14.027159,606.322376
14.030998,598.84043
14.034839,604.675328
14.038678,610.658582
14.042517,615.122302
14.046356,607.782204
14.050195,596.878528
14.054036,581.404134
14.057875,570.952666
14.061714,588.508814
14.065553,597.010236
14.069392,603.467238
14.073232,608.670326
14.077072,627.218236
14.080911,624.56471
14.08475,607.134222
14.088589,614.018642
14.092429,631.815526
14.096268,629.012196
14.100108,626.077454
14.103947,613.88385
14.107787,599.258876
14.111626,629.818432
14.115465,644.081556
14.119304,614.106798
14.123145,620.34302
14.126984,628.949852
14.130823,618.263952
14.134662,616.902214
14.138501,618.271766
14.14234,619.647964
14.146181,617.058522
14.15002,613.055764
14.153859,618.559462
14.157698,621.93064
14.161537,620.645294
14.165378,626.335926
14.169217,616.09761
14.173056,615.742146
14.176895,622.219434
14.180734,605.324778
14.184573,607.691662
14.188414,619.514234
14.192253,623.838878
14.196092,636.222936
14.199931,611.010594
14.20377,600.012838
14.20761,613.492072
14.21145,613.651488
14.215289,606.327714
14.219128,609.343634
14.222968,611.56487
14.226807,623.833936
14.230646,639.093472
14.234486,644.042348
14.238326,647.735754
14.242165,626.94226
14.246004,608.669184
14.249843,624.623134
14.253683,629.199964
14.257523,605.632884
14.261362,585.386214
14.265201,609.893064
14.26904,615.803232
14.272879,612.78728
14.27672,627.718822
14.280559,620.969434
14.284398,623.67512
14.288237,618.97509
14.292076,590.071138
14.295915,575.124426
14.299756,609.732824
14.303595,607.420618
14.307434,590.835046
14.311273,607.038768
14.315112,649.731688
14.318951,662.626002
14.322792,641.865246
14.326631,613.490958
14.33047,615.72682
14.334309,613.042578
14.338148,623.550886
14.341989,638.568662
14.345828,620.8718
14.349667,625.228562
14.353506,616.016884
14.357346,622.267102
14.361185,636.853382
14.365025,623.639124
14.368864,624.95166
14.372704,625.409644
14.376543,632.189148
14.380382000000001,638.857024
14.384221,630.42467
14.388062,623.961318
14.391901,621.951588
14.39574,647.964366
14.399579,655.618872
14.403418,641.48181
14.407257,641.325352
14.411098,628.180724
14.414937,620.22532
14.418776,632.409546
14.422615,635.506566
14.426454,611.099586
14.430293,609.837854
14.434134,626.456434
14.437973,632.131678
14.441812,616.564308
14.445651,624.065448
14.44949,623.129114
14.453331,629.593884
14.45717,619.080236
14.461009,627.962038
14.464848,624.81918
14.468687,617.645396
14.472527,631.37555
14.476367,617.204454
14.480206,630.152502
14.484045,641.744836
14.487885,619.868456
14.491724,623.10738
14.495563,641.456946
14.499403,632.246154
14.503242,622.409338
14.507082,636.094202
14.510921,648.317566
14.51476,645.810008
14.518599,653.822412
14.52244,645.323854
14.526279,622.13548
14.530118,609.642968
14.533957,621.219464
14.537796,630.666508
14.541637,643.456444
14.545476,641.481212
14.549315,655.847012
14.553154,651.906276
14.556993,635.317236
14.560832,637.834032
14.564673,644.529278
14.568512,653.950878
14.572351,654.704334
14.57619,641.652686
14.580029,654.06922
14.583868,655.20792
14.587709,668.701538
14.591548,684.29358
14.595387,665.883104
14.599226,667.528662
14.603065,667.274416
14.606905,659.089564
14.610745,681.616538
14.614584,664.999538
14.618423,651.052076
14.622263,650.26892
14.626102,645.59486
14.629942,650.545766
14.633781,672.818554
14.637621,668.465198
14.64146,682.139148
14.645299,669.48639
14.649138,654.978188
14.652979,629.634558
14.656818,634.792432
14.660657,646.133302
14.664496,667.149156
14.668335,694.381324
14.672174,665.45078
14.676015,670.41316200000006
14.679854,663.352172
14.683693,656.04862
14.687532,675.040564
14.691371,638.606646
14.69521,614.067712
14.699051,648.849964
14.70289,674.49181
14.706729,653.773328
14.710568,670.323486
14.714407,648.183788
14.718246,629.114
14.722087,645.184032
14.725926,634.147802
14.729765,629.541626
14.733604,631.541758
14.737444,669.497986
14.741284,670.081836
14.745123,678.785434
14.748962,656.222936
14.752802,640.825392
14.756641,650.723694
14.76048,645.98745
14.76432,686.5664
14.768159,686.843296
14.771999,676.499926
14.775838,680.31941
14.779677,678.735108
14.783516,670.909948
14.787357,656.328174
14.791196,649.458044
14.795035,650.34059
14.798874,633.241042
14.802713,635.321094
14.806552,666.952038
14.810393,670.47023
14.814232,651.923912
14.818071,644.924572
14.82191,669.552954
14.825749,689.243322
14.82959,701.934206
14.833429,702.441602
14.837268,688.524038
14.841107,667.191964
14.844946,662.790942
14.848785,658.28943
14.852626,667.749608
14.856465,692.688526
14.860304,665.773534
14.864143,658.20387
14.867982,680.852724
14.871822,679.118836
14.875662,680.36781
14.879501,676.779054
14.88334,676.340796
14.88718,689.47195
14.891019,684.541444
14.894858,687.278102
14.898698,708.112536
14.902538,672.402466
14.906377,667.379458
14.910216,694.178396
14.914055,676.324146
14.917896,679.252944
14.921735,689.597948
14.925574,703.175736
14.929413,704.518128
14.933252,704.30027
14.937091,685.871926
14.940932,672.065978
14.944771,684.021046
14.94861,700.301612
14.952449,679.214964
14.956288,670.865392
14.960127,680.859644
14.963968,717.753236
14.967807,703.667726
14.971646,690.925552
14.975485,706.415746
14.979324,696.546266
14.983163,686.660132
14.987004,693.769238
14.990843,702.235754
14.994682,688.333302
14.998521,696.724562
15.002361,691.407872
15.0062,685.502134
15.01004,683.948256
15.013879,713.335264
15.017719,712.093202
15.021558,710.817786
15.025397,732.708374
15.029237,710.04464
15.033076,716.567504
15.036916,707.6266
15.040755,695.59077
15.044594,723.856958
15.048433,731.613364
15.052274,723.230944
15.056113,736.573754
15.059952,729.035766
15.063791,685.383168
15.06763,694.12882
15.071469,728.321166
15.07531,709.570668
15.079149,724.82921
15.082988,723.921974
15.086827,707.194628
15.090666,693.522202
15.094505,693.898842
15.098346,723.374474
15.102185,737.008314
15.106024,720.593286
15.109863,719.923754
15.113702,727.496582
15.117543,724.654968
15.121382,695.55912
15.125221,705.816004
15.12906,715.14137
15.132899,689.875938
15.136739,671.497704
15.140579,703.350096
15.144418,719.127086
15.148257,735.908092
15.152097,747.563782
15.155936,748.856104
15.159775,747.700012
15.163615,742.728334
15.167455,738.137636
15.171294,729.483934
15.175133,715.53673
15.178972,729.846228
15.182811,726.711548
15.186652,721.397536
15.190491,718.312488
15.19433,730.82992
15.198169,727.869408
15.202008,717.435168
15.205849,674.298776
15.209688,679.195716
15.213527,700.086318
15.217366,727.803516
15.221205,737.726526
15.225044,727.709072
15.228885,729.605408
15.232724,741.4459
15.236563,726.316896
15.240402,724.271888
15.244241,717.747804
15.24808,772.690966
15.251921,778.680274
15.25576,752.32107
15.259599,753.801308
15.263438,762.688122
15.267278,779.779546
15.271117,775.96427
15.274957,761.605956
15.278796,742.5713
15.282635,749.368752
15.286475,731.804394
15.290314,738.165002
15.294153,736.131118
15.297993,731.08379
15.301833,763.079714
15.305672,714.410742
15.309511,732.745494
15.31335,736.59048
15.317191,713.84889
15.32103,719.84353
15.324869,735.538548
15.328708,728.141822
15.332547,759.598488
15.336386,757.103806
15.340227,742.339124
15.344066,763.253966
15.347905,748.494116
15.351744,778.959308
15.355583,836.185778
15.359422,834.638366
15.363263,757.26284
15.367102,736.166836
15.370941,742.23899
15.37478,746.930652
15.378619,720.805002
15.382458,737.565038
15.386299,739.372068
15.390138,724.732114
15.393977,746.139552
15.397816,762.876932
15.401656,771.18374
15.405496,764.716028
15.409335,744.318102
15.413174,733.421926
15.417014,759.747448
15.420853,780.80348
15.424692,768.691628
15.428532,751.781496
15.432372,753.779262
15.436211,755.979948
15.44005,746.621278
15.443889,748.842786
15.447728,767.257872
15.451569,748.919862
15.455408,758.087546
15.459247,747.925586
15.463086,751.261904
15.466925,753.628858
15.470764,750.472466
15.474605,738.51034
15.478444,741.095594
15.482283,743.281594
15.486122,756.637036
15.489961,790.851836
15.493802,772.821202
15.497641,754.552246
15.50148,770.69867
15.505319,761.363512
15.509158,786.411228
15.512997,770.138102
15.516838,730.980018
15.520677,778.61356
15.524516,780.253198
15.528355,787.577706
15.532195,760.377478
15.536034,782.612426
15.539874,759.130896
15.543713,722.508668
15.547552,735.976304
15.551392,735.271814
15.555231,782.885234
15.55907,775.493826
15.56291,750.839576
15.56675,751.487428
15.570589,738.589052
15.574428,758.623802
15.578267,755.293988
15.582106,738.290492
15.585947,754.013182
15.589786,740.286954
15.593625,752.590822
15.597464,775.833132
15.601303,810.362792
15.605144,759.720866
15.608983,722.404718
15.612822,746.461204
15.616661,732.799962
15.6205,751.712256
15.624339,765.851036
15.62818,768.839954
15.632019,764.70909
15.635858,756.180292
15.639697,738.885692
15.643536,734.602952
15.647375,755.882484
15.651216,753.835118
15.655055,750.123742
15.658894,768.25215
15.662733,772.790416
15.666573,768.25405
15.670412,794.0753
15.674252,763.000624
15.678091,734.591626
15.681931,739.815048
15.68577,783.661352
15.689609,766.519704
15.693449,744.885914
15.697289,760.155444
15.701128,747.683898
15.704967,719.783094
15.708806,741.3124
15.712645,740.653444
15.716486,752.911952
15.720325,776.232336
15.724164,790.163156
